gpu_loras,cpu_loras,cpu_gpu_diff,rank,rate,output_throughput,completed_requests,adapter_rates,max_lora_loading_time,avg_batch_size,avg_waiting_queue,max_lora_loads_from_memory,max_lora_loads_from_disk,max_lora_loads_from_memory_corrected,total_scheduling_time,mean_itl_ms,processed_tokens,duration,mean_loras_by_batch,steps
8,8,0,8,0.01,16.169908285787407,42,0.01,0.06231217924505472,0.23214285714285715,0.0,8.0,8.0,0.0,0.20474280416965485,13.435794234933814,9702,600.0034031440737,1.024924133105307,9167
8,16,8,8,0.01,38.11494173673399,99,0.01,0.5060983606381342,0.5285714285714286,0.0,70.0,16.0,54.0,0.42724437883589417,13.636601282067648,22869,600.0009171720594,1.2383468376115716,17332
8,32,24,8,0.01,75.84450897696755,197,0.01,1.3989986394299194,1.0321428571428573,0.0,182.0,32.0,150.0,0.7092377555090934,13.884589068881859,45507,600.0038844449446,1.4292285612612747,28440
8,64,56,8,0.01,151.68941776596256,394,0.01,3.223345317412168,2.175627240143369,0.0,415.0,64.0,351.0,1.2633205591700971,14.586725839305391,91014,600.0023029979784,2.3227024332814494,37826
8,128,120,8,0.01,294.136153706518,764,0.01,6.8087132501241285,4.718411552346571,0.1299638989169675,944.0,128.0,816.0,1.489116405195091,16.093783211267656,176484,600.007845945016,4.42611835901836,39041
8,192,184,8,0.01,437.7410086242445,1137,0.01,14.240556565695442,7.5234657039711195,2.555956678700361,2007.0,192.0,1815.0,1.8260720241814852,17.63112671572739,262647,600.0054708729731,7.204526910485008,35153
8,256,248,8,0.01,554.3931895236142,1440,0.01,18.93892167811282,9.92,51.945454545454545,2501.0,256.0,2245.0,2.6828559373971075,18.385007796036636,332640,600.0073707359843,7.749117201131244,33681
8,320,312,8,0.01,652.5593723667446,1695,0.01,18.483803524868563,12.168498168498168,130.1904761904762,2534.0,320.0,2214.0,3.461065485375002,19.255295624850497,391545,600.0143689300166,7.769712044885818,32534
8,384,376,8,0.01,746.871884772256,1940,0.01,20.20989196829032,13.8125,223.4485294117647,2616.0,384.0,2232.0,4.5856227247277275,19.49942899449869,448140,600.0225863859523,7.768211773653485,32394
8,448,440,8,0.01,827.7067578619036,2150,0.01,19.33451217203401,15.955719557195572,328.9483394833948,2589.0,448.0,2141.0,5.4366910378448665,20.28033029773081,496650,600.0313459840836,7.761441993406785,31475
8,512,504,8,0.01,901.2200834982192,2341,0.01,19.70495406189002,17.714814814814815,464.27407407407406,2618.0,512.0,2106.0,6.48236472858116,20.780498408230063,540771,600.0432190779829,7.764736156603432,30872
16,16,0,8,0.01,38.11495478995044,99,0.01,0.1332840408431366,0.5285714285714286,0.0,16.0,16.0,0.0,0.4427268549334258,13.736313675555982,22869,600.000711689936,1.238221291899407,17324
16,32,16,8,0.01,75.84454774136024,197,0.01,1.028195909340866,1.0285714285714285,0.0,139.0,32.0,107.0,0.6967834020033479,13.856622813959781,45507,600.0035777810263,1.4280210523635908,28475
16,64,48,8,0.01,151.68939750463846,394,0.01,2.590078904526308,2.182795698924731,0.0,360.0,64.0,296.0,1.2178061081795022,14.485871628763146,91014,600.0023831409635,2.3118078733171252,37994
16,128,112,8,0.01,294.1388818756018,764,0.01,5.8591236267238855,4.733812949640288,0.0,793.0,128.0,665.0,1.4778087988961488,16.148254778461492,176484,600.0022808091016,4.385902679054784,39167
16,192,176,8,0.01,438.12742410718926,1138,0.01,9.336300363764167,7.819494584837545,0.01444043321299639,1251.0,192.0,1059.0,1.7873877475503832,18.209908975069798,262878,600.0035275940318,7.401653868724281,35082
16,256,240,8,0.01,568.6382565928401,1477,0.01,16.095199487986974,11.44927536231884,0.3115942028985507,2139.0,256.0,1883.0,2.136752817474189,21.01292572208235,341187,600.0071153219978,11.290854319366774,30661
16,320,304,8,0.01,704.9262818184159,1831,0.01,32.532361369696446,16.32846715328467,10.423357664233576,4614.0,320.0,4294.0,2.297411471605301,24.104246263168758,422961,600.0074205049314,15.228494820941123,26065
16,384,368,8,0.01,813.8734576204582,2114,0.01,38.79150276759174,19.911439114391143,76.56457564575646,5231.0,384.0,4847.0,3.1569640471134335,25.7538940379745,488334,600.0121952960035,15.337951715567463,24700
16,448,432,8,0.01,915.5000405876056,2378,0.01,38.77024081617128,23.237037037037037,157.77777777777777,5073.0,448.0,4625.0,3.792536983382888,26.81021656715439,549318,600.0196347860619,15.361358197803858,23920
16,512,496,8,0.01,1017.5114732841434,2643,0.01,35.62147682043724,26.014814814814816,249.8037037037037,5080.0,512.0,4568.0,4.276418010471389,27.169427670191848,610533,600.0256665700581,15.360587322674673,23669
32,32,0,8,0.01,75.84450930018266,197,0.01,0.24080591404344887,1.0357142857142858,0.0,32.0,32.0,0.0,0.7136684631695971,14.06780326572995,45507,600.0038818879984,1.4349366233031522,28316
32,64,32,8,0.01,152.07452391905213,395,0.01,1.9122178191319108,2.193548387096774,0.0,255.0,64.0,191.0,1.0551254078745842,14.748658179635727,91245,600.0018783459673,2.3377695961461313,37547
32,128,96,8,0.01,294.1383744834872,764,0.01,5.042714855517261,4.773381294964029,0.0,700.0,128.0,572.0,1.4552672855788842,16.375724397060356,176484,600.0033158200094,4.4513305906914455,38575
32,192,160,8,0.01,437.74195273675286,1137,0.01,8.332149092224427,7.927797833935018,0.0,1130.0,192.0,938.0,1.8146756718633696,18.419545602136647,262647,600.0041767939692,7.494154191689747,34621
32,256,224,8,0.01,569.7941881221332,1480,0.01,11.322201792383566,11.579710144927537,0.0,1548.0,256.0,1292.0,2.0548290994483978,20.881133744634763,341880,600.0061199759366,11.212326242432484,30807
32,320,288,8,0.01,706.4671979282222,1835,0.01,14.211119758198038,16.221818181818183,0.0036363636363636364,1981.0,320.0,1661.0,2.198876734240912,24.262797052449578,423885,600.0066262709443,16.116444591955702,26770
32,384,352,8,0.01,847.3717842441383,2201,0.01,37.564306207117625,25.743589743589745,1.2564102564102564,5350.0,384.0,4966.0,2.4321276961127296,31.828808452383846,508431,600.0093577030348,23.6990140058384,20762
32,448,416,8,0.01,961.3252600109776,2497,0.01,79.35973365954123,37.29779411764706,50.143382352941174,11649.0,448.0,11201.0,2.7148729705950245,40.01311659772997,576807,600.012320484966,29.872933139319745,15754
32,512,480,8,0.01,1068.7242588772185,2776,0.01,79.80633193533868,42.977777777777774,133.2,11561.0,512.0,11049.0,3.15700020280201,41.80769179185266,641256,600.020065675024,29.81781906136472,15220
64,64,0,8,0.01,151.6894409930471,394,0.01,0.5452366037061438,2.272401433691756,0.0,64.0,64.0,0.0,1.03375397156924,15.255252117055807,91014,600.0022111240542,2.392957329273327,36712
64,128,64,8,0.01,294.1384137983015,764,0.01,3.676285500288941,4.931654676258993,0.0,490.0,128.0,362.0,1.4335835435194895,17.007216966290127,176484,600.0032356230076,4.6101933260788295,37232
64,192,128,8,0.01,437.3560022024632,1136,0.01,6.810990650090389,8.249097472924188,0.0,930.0,192.0,738.0,1.7337999839801341,19.201725787672697,262416,600.0054844989209,7.801314146116711,33173
64,256,192,8,0.01,569.7949741594538,1480,0.01,10.175758389639668,11.916666666666666,0.0,1384.0,256.0,1128.0,1.9511681457515806,21.593384315017367,341880,600.0052922620671,11.643495674082006,29799
64,320,256,8,0.01,706.467168886819,1835,0.01,13.016338504618034,17.163636363636364,0.0,1780.0,320.0,1460.0,2.1938798426417634,25.116926518535404,423885,600.0066509359749,16.703268047145908,25705
64,384,320,8,0.01,850.0671205282247,2208,0.01,17.00037767610047,24.93040293040293,0.0,2245.0,384.0,1861.0,2.490038563264534,31.087440273882933,510048,600.0090906739933,23.629543899979353,21240
64,448,384,8,0.01,987.8937418934505,2566,0.01,19.74762213777285,37.391941391941394,0.0,2668.0,448.0,2220.0,2.5550569443730637,39.19822476363485,592746,600.0098744060379,33.95401970778993,16997
64,512,448,8,0.01,1063.3346439564095,2762,0.01,129.59469421685208,82.27037037037037,95.76666666666667,19118.0,512.0,18606.0,2.731582530308515,77.67269046423411,638022,600.0199500940507,52.31687079470469,8276
128,128,0,8,0.01,294.1387611615983,764,0.01,0.991809020168148,5.446043165467626,0.0,128.0,128.0,0.0,1.3856224558549002,18.656164456437295,176484,600.0025270489277,5.039526207471125,33844
128,192,64,8,0.01,437.35744352470164,1136,0.01,4.288292996934615,9.036101083032491,0.0,549.0,192.0,357.0,1.662576359580271,21.136878337789124,262416,600.0035071660532,8.577273198936593,30012
128,256,128,8,0.01,569.0243211800387,1478,0.01,7.288789041922428,13.054347826086957,0.0,963.0,256.0,707.0,1.913599800085649,23.957576242838247,341418,600.005987954908,12.827058025175495,26715
128,320,192,8,0.01,705.6974178035143,1833,0.01,10.171121364808641,18.721014492753625,0.0,1395.0,320.0,1075.0,2.107003040611744,27.552873325468664,423423,600.0064465559553,18.29564614003303,23293
128,384,256,8,0.01,847.3721024331113,2201,0.01,14.17866003967356,27.934306569343065,0.0,1861.0,384.0,1477.0,2.34952749684453,34.32677164706976,508431,600.0091323989909,26.112698885155734,19050
128,448,320,8,0.01,985.96748737518,2561,0.01,17.29237617342733,43.64835164835165,0.0,2307.0,448.0,1859.0,2.476355965831317,45.39947794895414,591591,600.0106571210781,38.54100524088013,14610
128,512,384,8,0.01,1119.940189748464,2909,0.01,20.718046962749213,74.21111111111111,0.0,2753.0,512.0,2241.0,2.6655795149272308,66.13126577586962,671979,600.0132919159951,57.46871212561015,10121
192,192,0,8,0.01,435.0468860221415,1130,0.01,1.5327548132045195,12.166064981949459,0.0,192.0,192.0,0.0,1.4455517950700596,28.286173927357602,261030,600.0042946789763,11.54921673012395,21760
192,256,64,8,0.01,567.4853730061413,1474,0.01,5.095346922404133,16.192028985507246,0.0,621.0,256.0,365.0,1.7151526586385444,29.24537169647099,340494,600.004892101977,15.474730025785409,21327
192,320,128,8,0.01,703.7723797180421,1828,0.01,8.187026400817558,21.94909090909091,0.0,1038.0,320.0,718.0,2.134299359167926,32.24968265262341,422268,600.0064966590144,21.00421072891579,19595
192,384,192,8,0.01,843.5227164830084,2191,0.01,11.78627350035822,33.24908424908425,0.0,1487.0,384.0,1103.0,2.2419882415852044,40.44172165061527,506121,600.0087372990092,30.257042665276696,16023
192,448,256,8,0.01,983.2713120175802,2554,0.01,14.88250751743908,53.97785977859779,0.0,1924.0,448.0,1476.0,2.6561140536214225,55.322142606864816,589974,600.0114035559818,44.309275745890695,12046
192,512,320,8,0.01,1110.6994252794905,2885,0.01,19.187552633695304,92.92592592592592,0.0,2351.0,512.0,1839.0,2.6581306447042152,82.39582140691846,666435,600.0138154679444,65.43011596691045,8026
256,256,0,8,0.01,566.3283168133615,1471,0.01,2.136709935264662,17.659420289855074,0.0,256.0,256.0,0.0,1.7774187817703933,31.832552544498828,339801,600.0070805429714,16.701718070623283,19662
256,320,64,8,0.01,703.3872752379939,1827,0.01,5.385851327446289,23.196363636363635,0.0,668.0,320.0,348.0,1.973795562516898,34.26912266813606,422037,600.0065893389983,22.166014488009306,18574
256,384,128,8,0.01,841.9823080134859,2187,0.01,8.429077044827864,36.311355311355314,0.0,1133.0,384.0,749.0,2.0968711266759783,43.90582495171241,505197,600.0090443609515,32.315781576297425,14803
256,448,192,8,0.01,979.8068484591403,2545,0.01,11.62932506587822,61.768382352941174,0.0,1521.0,448.0,1073.0,2.2795723114395514,62.56771225738532,587895,600.0111153790494,49.08857390610987,10629
256,512,256,8,0.01,1108.3887309246873,2879,0.01,15.33559090201743,100.35055350553506,0.0,1968.0,512.0,1456.0,2.4804509287932888,88.2210791142941,665049,600.0142201420385,69.66081976710191,7346
320,320,0,8,0.01,702.6114684139344,1825,0.01,2.7754185562662315,26.193430656934307,0.0,320.0,320.0,0.0,2.0938681659463327,38.39869339512654,421575,600.0115553929936,24.67036357615832,16695
320,384,64,8,0.01,841.5961003699081,2186,0.01,6.398604391957633,40.05494505494506,0.0,771.0,384.0,387.0,2.0886365269543603,48.249677116902006,504966,600.0099094780162,35.270994626138446,13378
320,448,128,8,0.01,973.6454922971009,2529,0.01,9.353988698567264,70.24354243542436,0.0,1169.0,448.0,721.0,2.2276241157669574,71.41151183645087,584199,600.0120214408962,53.47408856605718,9357
320,512,192,8,0.01,1101.0681285426278,2860,0.01,15.044032781384885,114.16296296296296,0.0,1618.0,512.0,1106.0,3.062259813537821,100.94335060161296,660660,600.0173675669357,77.26235090879733,6362
384,384,0,8,0.01,838.8987675213602,2179,0.01,3.5826934694778174,46.8014705882353,0.0,384.0,384.0,0.0,2.4136456914711744,56.5895598951385,503349,600.0116098480066,40.02297337044058,11456
384,448,64,8,0.01,969.4101720705439,2518,0.01,6.930235735489987,79.65441176470588,0.0,827.0,448.0,379.0,2.5507055218331516,80.33247282279069,581658,600.012272160966,58.41821506373111,8232
384,512,128,8,0.01,1101.0757599126466,2860,0.01,9.960010797716677,115.18081180811808,0.14022140221402213,1209.0,512.0,697.0,2.4529981144005433,101.38221533872296,660660,600.0132089479594,77.01665988826016,6330
448,448,0,8,0.01,965.9441694478496,2509,0.01,3.4945099940523505,91.26838235294117,0.058823529411764705,448.0,448.0,0.0,2.5227016323478892,91.75374505740939,579579,600.0129389789654,63.67112921012882,7102
448,512,64,8,0.01,1054.4841839211826,2739,0.01,7.240188517374918,121.6470588235294,57.06985294117647,876.0,512.0,364.0,2.3184165174607188,126.25813613219847,632709,600.0175343049923,79.9614537709134,5567
8,8,0,8,0.02,38.884485000656824,101,0.02,0.0589914737502113,0.5464285714285714,0.0,8.0,8.0,0.0,0.4288932252675295,13.5993153752578,23331,600.0079466040479,1.1772663703467894,18036
8,16,8,8,0.02,75.84490154927182,197,0.02,0.9245194738032296,1.1,0.0,122.0,16.0,106.0,0.7795615684008226,13.957651571488643,45507,600.0007788320072,1.594832558495218,25985
8,32,24,8,0.02,151.30463621749527,393,0.02,2.442789916181937,2.150537634408602,0.0,324.0,32.0,292.0,1.0980039294809103,14.344199286088875,90783,600.001442583045,2.2303155838298188,38770
8,64,56,8,0.02,295.29302541298495,767,0.02,5.808473561890423,4.679856115107913,0.10431654676258993,789.0,64.0,725.0,1.495085829286836,15.696600273635859,177177,600.0040121239144,4.273342678374639,39506
8,128,120,8,0.02,562.4800199068404,1461,0.02,18.01384606072679,10.097826086956522,27.014492753623188,2441.0,128.0,2313.0,2.454009245848283,18.19698161930236,337491,600.0053122880636,7.755081953078568,33637
8,192,184,8,0.02,800.0136324970472,2078,0.02,16.539661549730226,14.813868613138686,119.13138686131387,2394.0,192.0,2202.0,3.494385609519668,18.836200954336423,480018,600.0122754180338,7.772632405595252,32806
8,256,248,8,0.02,1022.1335273019256,2655,0.02,17.613949432736263,19.673992673992675,258.1172161172161,2382.0,256.0,2126.0,4.986750807613134,19.6924401622589,613305,600.0243447829271,7.76455427719142,31697
8,320,312,8,0.02,1222.2940095317172,3175,0.02,18.11105794669129,24.29151291512915,443.4981549815498,2457.0,320.0,2137.0,6.692629856988788,20.513524976361357,733425,600.039756622049,7.7748245371346085,30684
8,384,376,8,0.02,1394.3278778556057,3622,0.02,19.474365946138278,29.122222222222224,683.8740740740741,2387.0,384.0,2003.0,9.170710064354353,21.822303001775584,836682,600.0611572701018,7.759039391236662,29367
8,448,440,8,0.02,1550.5795168134723,4028,0.02,18.3867703191936,33.45185185185185,955.4555555555555,2345.0,448.0,1897.0,10.589205267955549,22.426059240979527,930468,600.0775773900095,7.753925144074724,28782
8,512,504,8,0.02,1670.5913715057168,4340,0.02,17.161340905819088,36.57037037037037,1269.3,2405.0,512.0,1893.0,12.907918474869803,23.045672690186056,1002540,600.110845237039,7.75108879062286,28362
16,16,0,8,0.02,75.84479536201735,197,0.02,0.11996994575019926,1.0964285714285715,0.0,16.0,16.0,0.0,0.6507554898271337,13.996278742266693,45507,600.0016188690206,1.595964321605296,25965
16,32,16,8,0.02,151.30460238010255,393,0.02,1.6524621673161164,2.161290322580645,0.0,231.0,32.0,199.0,1.0790576700819656,14.353811616484583,90783,600.0015767659061,2.2284327174385274,38747
16,64,48,8,0.02,295.2933772841463,767,0.02,4.653199038177263,4.646209386281589,0.0,640.0,64.0,576.0,1.4815535310772248,15.974613941713564,177177,600.0032971600012,4.356426204965284,39091
16,128,112,8,0.02,566.330293477165,1471,0.02,11.291776110068895,11.057971014492754,0.14492753623188406,1610.0,128.0,1482.0,1.9930344071181025,19.70139025407247,339801,600.0049863370077,10.44867560277826,32236
16,192,176,8,0.02,833.128096743306,2164,0.02,37.52454323915299,19.748175182481752,31.868613138686133,5196.0,192.0,5004.0,2.826231673825532,24.221109373957454,499884,600.0085724560777,15.396226529207691,25541
16,256,240,8,0.02,1080.2813331792909,2806,0.02,33.802025641547516,26.606617647058822,123.20220588235294,4972.0,256.0,4716.0,3.532464351388626,25.205975362580254,648186,600.0159218639601,15.395642701053873,24787
16,320,304,8,0.02,1312.7909097583617,3410,0.02,33.53426217765082,34.12915129151291,259.3690036900369,4823.0,320.0,4503.0,4.612793133361265,26.829039568796517,787710,600.0270066959783,15.40333225436509,23467
16,384,368,8,0.02,1531.0453100750503,3977,0.02,33.78906524099875,42.237037037037034,437.9,4732.0,384.0,4348.0,6.283424642751925,28.605611073128774,918687,600.0390673970105,15.371784532777275,22317
16,448,432,8,0.02,1712.6987918906038,4449,0.02,31.608798331348225,49.57620817843866,643.2602230483271,4442.0,448.0,3994.0,7.324180987547152,30.386374260779967,1027719,600.0582267390564,15.311895049613211,21397
16,512,496,8,0.02,1869.6998035792665,4857,0.02,29.975042727426626,57.79925650557621,916.460966542751,4258.0,512.0,3746.0,8.565257147303782,32.49503624936842,1121967,600.0786852799356,15.29340782564377,20295
32,32,0,8,0.02,151.3046542517301,393,0.02,0.2589122689096257,2.193548387096774,0.0,32.0,32.0,0.0,1.142438534181565,14.602601791424599,90783,600.0013710679486,2.256044946597969,38282
32,64,32,8,0.02,295.2934501636152,767,0.02,3.2886471881065518,4.823741007194244,0.0,424.0,64.0,360.0,1.5562055703485385,16.21175788855458,177177,600.0031490770634,4.418171048542404,38500
32,128,96,8,0.02,566.3301751755273,1471,0.02,8.730078587308526,11.202898550724637,0.0,1231.0,128.0,1103.0,1.9596110673155636,19.81054032781014,339801,600.0051116730319,10.492712888286407,32082
32,192,160,8,0.02,847.7608804483389,2202,0.02,15.437272042734548,21.44160583941606,0.06569343065693431,2204.0,192.0,2012.0,2.4457352734170854,26.095163907955957,508662,600.0064543329645,20.100734468471035,24464
32,256,224,8,0.02,1103.7685355819503,2867,0.02,90.49888542143162,43.43382352941177,61.393382352941174,11027.0,256.0,10771.0,3.323807156877592,40.04513170420642,662277,600.0143858520314,29.86385318065525,15516
32,320,288,8,0.02,1353.6087522936355,3516,0.02,74.15828681236599,55.07037037037037,154.52592592592592,10828.0,320.0,10508.0,3.6980297910049558,41.92020591199118,812196,600.0227160350187,30.02949094352784,15097
32,384,352,8,0.02,1569.177977966063,4076,0.02,68.97690113412682,71.35687732342008,325.1747211895911,9771.0,384.0,9387.0,5.178609210182913,46.706550646293756,941556,600.0313624209957,29.90204076409712,13743
32,448,416,8,0.02,1795.4918667679897,4664,0.02,62.1942966778297,84.5037037037037,490.25925925925924,9166.0,448.0,8718.0,5.48887263215147,48.30799586614746,1077384,600.04950172198,29.84150884710605,13307
32,512,480,8,0.02,1977.1353228728672,5136,0.02,65.69622996321414,97.58426966292134,735.1797752808989,9011.0,512.0,8499.0,7.103611584985629,50.78807685242692,1186416,600.0681826249929,29.546172436604877,12730
64,64,0,8,0.02,295.29401584555956,767,0.02,0.5340393090154976,4.884892086330935,0.0,64.0,64.0,0.0,1.5457258784445003,16.705517938723826,177177,600.0019996770425,4.5135419971739665,37344
64,128,64,8,0.02,566.3301429308895,1471,0.02,6.300698218168691,11.365942028985508,0.0,834.0,128.0,706.0,1.9659990911604837,20.200473419399128,339801,600.0051458349917,10.69331249204877,31434
64,192,128,8,0.02,846.9895578751307,2200,0.02,11.869827724411152,22.21090909090909,0.0,1656.0,192.0,1464.0,2.486586841987446,26.832743478695445,508200,600.0073971099919,20.507888165371536,23734
64,256,192,8,0.02,1103.7698513067683,2867,0.02,118.05613105860539,77.17343173431735,17.217712177121772,17156.0,256.0,16900.0,2.701231761253439,70.07324764465591,662277,600.0136706179474,48.87407642994465,9220
64,320,256,8,0.02,1353.6085719342939,3516,0.02,127.98809053830337,104.67037037037036,113.0962962962963,18065.0,320.0,17745.0,3.431822689832188,77.00667822256483,812196,600.0227959840558,55.38240178508537,8178
64,384,320,8,0.02,1611.5263239961735,4186,0.02,122.22223490849137,121.64312267657992,213.1449814126394,18115.0,384.0,17731.0,4.643274813774042,74.86852044378722,966966,600.0311540690018,56.04783696833704,8374
64,448,384,8,0.02,1825.5202918434418,4742,0.02,122.9226463775849,144.92883895131087,363.55805243445695,17222.0,448.0,16774.0,5.706003050669096,78.5918382602613,1095402,600.0492050920147,56.06504270170606,7990
64,512,448,8,0.02,2007.5886951166735,5215,0.02,116.43909311387688,170.41509433962264,567.0075471698113,16001.0,512.0,15489.0,5.883634271449409,84.0507596170996,1204665,600.055680194986,55.79407050184613,7539
128,128,0,8,0.02,565.9422520288952,1470,0.02,1.008529023907613,12.792727272727273,0.0,128.0,128.0,0.0,1.8810592807421926,22.651040615084973,339570,600.0082142350147,11.942372461349898,27908
128,192,64,8,0.02,846.6047382361788,2199,0.02,6.880910329869948,24.334545454545456,0.0,925.0,192.0,733.0,2.372520598000847,29.34458035062364,507969,600.007272648043,22.384672117851846,21608
128,256,128,8,0.02,1129.569810985866,2934,0.02,12.592801821534522,51.29304029304029,0.0,1703.0,256.0,1447.0,2.6884177286410704,45.80229081725346,677754,600.0107239130884,42.00549304946298,14029
128,320,192,8,0.02,1404.443207976743,3648,0.02,19.98135625361465,109.04074074074074,0.0,2522.0,320.0,2202.0,3.4133643668610603,76.88063067374108,842688,600.0157181250397,78.20659505734142,8176
128,384,256,8,0.02,1564.9287207079951,4065,0.02,181.50282220181543,249.03703703703704,168.4148148148148,26738.0,384.0,26354.0,4.227358941687271,152.6225423639911,939015,600.0369138699025,91.59687564324211,4335
128,448,320,8,0.02,1841.7187048939861,4784,0.02,142.21127254946623,279.97777777777776,317.4888888888889,20446.0,448.0,19998.0,4.95726177515462,150.63445237572134,1105104,600.0395158410538,94.0682540810263,4422
128,512,384,8,0.02,1992.5485359282122,5176,0.02,105.08197407296393,291.0925925925926,506.18888888888887,15274.0,512.0,14762.0,5.508070372976363,148.3979398731821,1195656,600.0636764629744,94.83747984787693,4593
192,192,0,8,0.02,844.6814596706447,2194,0.02,1.4823627162259072,27.818181818181817,0.0,192.0,192.0,0.0,2.2288406065199524,33.52442932312669,506814,600.0060664260527,24.871763052933627,18794
192,256,64,8,0.02,1122.640381606702,2916,0.02,7.521187906037085,61.33948339483395,0.0,989.0,256.0,733.0,2.5138315393123776,54.97605857675387,673596,600.0104851350188,47.3191468940013,11780
192,320,128,8,0.02,1400.2069073711787,3637,0.02,13.573221891885623,119.18819188191883,0.0,1763.0,320.0,1443.0,3.28733541991096,83.4498032952031,840147,600.0163229999598,79.56590587271705,7587
192,384,192,8,0.02,1606.5245284445791,4173,0.02,24.902438562945463,195.44814814814814,26.125925925925927,3318.0,384.0,2934.0,4.242305928259157,119.87205813206322,963963,600.0300542770419,108.3286012991587,5534
192,448,256,8,0.02,1679.9552684897117,4364,0.02,22.80882739822846,243.72592592592594,391.4851851851852,3154.0,448.0,2706.0,4.597216990310699,183.54469720671887,1008084,600.0659772960935,118.45119212727016,4772
192,512,320,8,0.02,1656.7520300360795,4304,0.02,35.47586575173773,253.78148148148148,805.6444444444444,5053.0,512.0,4541.0,4.317602242052089,206.0838070480968,994224,600.1042895830033,117.93137598934732,4595
256,256,0,8,0.02,1118.7907419248938,2906,0.02,2.0226470134221017,72.15867158671587,0.0,256.0,256.0,0.0,2.472421004669741,64.22795933311245,671286,600.0103279770119,54.50164187623745,10043
256,320,64,8,0.02,1398.282335624708,3632,0.02,8.493315380183049,124.0111111111111,0.0,1047.0,320.0,727.0,2.987756486982107,86.8344040564297,838992,600.0161617039703,82.28190442171999,7272
256,384,128,8,0.02,1513.713181602672,3932,0.02,13.23521925485693,191.85555555555555,165.8074074074074,1756.0,384.0,1372.0,3.7580876398133114,147.99634459613745,908292,600.0423402789747,108.31369378065313,5244
256,448,192,8,0.02,1422.7534181315286,3696,0.02,15.985262005706318,191.4962962962963,666.0444444444445,2069.0,448.0,1621.0,4.025187766877934,162.44918256916623,853776,600.0871191869956,116.06200216934951,4960
256,512,256,8,0.02,1396.6086540083372,3630,0.02,17.476357289240696,190.35555555555555,1112.9851851851852,2412.0,512.0,1900.0,3.5246572067262605,164.3094740564597,838530,600.4044136439916,117.33083469489664,4847
320,320,0,8,0.02,1394.4322307965774,3622,0.02,2.8134600289631635,128.14074074074074,0.0,320.0,320.0,0.0,3.045741403941065,89.79121532116875,836682,600.0162514330586,84.39834521478897,7015
320,384,64,8,0.02,1410.895606893337,3665,0.02,8.287569447653368,173.8074074074074,297.06666666666666,1020.0,384.0,636.0,3.5315660435007885,146.93839954168385,846615,600.0550259449519,104.48005080051755,5382
320,448,128,8,0.02,1344.9489000643912,3494,0.02,11.4832720044069,171.27777777777777,774.1555555555556,1484.0,448.0,1036.0,3.7642362418118864,154.1890040546899,807114,600.1075579610188,108.36822715982017,5184
320,512,192,8,0.02,1306.9207229438375,3397,0.02,14.46819098200649,168.01481481481483,1237.1777777777777,1853.0,512.0,1341.0,3.3742806784575805,152.74634535141772,784707,600.4243304310367,109.87722285878161,5039
384,384,0,8,0.02,1288.8347317985858,3348,0.02,3.393957397667691,152.55925925925925,459.7037037037037,384.0,384.0,0.0,3.2190909675555304,143.2614769252083,773388,600.0676276939921,96.95166392334976,5534
384,448,64,8,0.02,1232.526017664201,3202,0.02,6.978359181550331,149.26666666666668,941.4222222222222,915.0,448.0,467.0,3.109306074678898,146.16738317704875,739662,600.1187718550209,99.52082875455464,5324
384,512,128,8,0.02,1160.0498934691116,3014,0.02,10.084461897495203,146.4925925925926,1404.6222222222223,1298.0,512.0,786.0,3.122330976766534,150.61955660548972,696234,600.1759096049936,100.7679898208887,5190
448,448,0,8,0.02,1076.5930207067272,2797,0.02,3.841250529512763,127.83333333333333,1151.9481481481482,448.0,448.0,0.0,2.7974111065268517,142.82555288872854,646107,600.1404315029504,89.99992418280128,5399
448,512,64,8,0.02,1052.2574382054313,2734,0.02,7.203006626805291,125.69741697416974,1589.6678966789668,860.0,512.0,348.0,2.842858443967998,146.11155103073844,631554,600.1896276229527,89.90661280475136,5241
8,8,0,8,0.05,94.32483421892506,245,0.05,0.06132081616669893,1.2964285714285715,0.0,8.0,8.0,0.0,0.8194774953881279,13.776678070498907,56595,600.0010545329424,1.5866187017639786,32556
8,16,8,8,0.05,182.4893791887823,474,0.05,1.7898845080053434,2.6917562724014337,0.0035842293906810036,255.0,16.0,239.0,1.1648169234395027,14.544643821812414,109494,600.0020411419682,2.6420995818873227,38380
8,32,24,8,0.05,366.5180827293103,952,0.05,6.168661520234309,5.906474820143885,0.3129496402877698,887.0,32.0,855.0,1.6463186402106658,16.062667589769237,219912,600.0031386238988,5.094327580377217,38570
8,64,56,8,0.05,695.6878976040571,1807,0.05,15.107242810889147,12.431159420289855,22.97463768115942,2261.0,64.0,2197.0,2.443567569949664,17.95097103867698,417417,600.0061255019391,7.779925864590085,33922
8,128,120,8,0.05,1352.077280841037,3512,0.05,15.446159336483106,26.73090909090909,194.40727272727273,2142.0,128.0,2014.0,4.708041316247545,19.664033881612436,811272,600.018957123044,7.778912163137002,31221
8,192,184,8,0.05,1982.620416606975,5150,0.05,14.929313196684234,43.21978021978022,538.7509157509157,2025.0,192.0,1833.0,8.152486511622556,21.972031275572043,1189650,600.0392157949973,7.760157052601473,28426
8,256,248,8,0.05,2432.4504820360153,6319,0.05,14.455275914398953,60.54044117647059,1094.0036764705883,1823.0,256.0,1567.0,12.559794726897962,25.080781727485014,1459689,600.0899137639208,7.731256387647504,25798
8,320,312,8,0.05,2802.1019898001196,7280,0.05,14.493321870802902,74.82899628252788,1809.5055762081784,1825.0,320.0,1505.0,17.075336975511163,27.177253261889607,1681680,600.1494614119874,7.707149050840411,24456
8,384,376,8,0.05,3061.5703736472246,7955,0.05,13.37897026236169,85.81412639405204,2571.0780669144983,1849.0,384.0,1465.0,19.730325783253647,28.419611851125154,1837605,600.2164823050844,7.709974544819039,23563
8,448,440,8,0.05,3204.1907009578476,8327,0.05,14.199044259497896,97.08778625954199,3527.942748091603,1846.0,448.0,1398.0,24.836098459549248,30.077939833783557,1923537,600.3191381290089,7.686941501737266,22772
8,512,504,8,0.05,3252.8667136743165,8455,0.05,13.795485860086046,102.55984555984556,4518.8378378378375,1875.0,512.0,1363.0,29.03329907427542,31.067424995393647,1953105,600.425769611029,7.688579260676457,22322
16,16,0,8,0.05,182.4891773248056,474,0.05,0.13334794901311398,2.6917562724014337,0.0,16.0,16.0,0.0,1.1356136674294248,14.591441181206383,109494,600.0027048459742,2.646345910942937,38319
16,32,16,8,0.05,366.5180542613713,952,0.05,3.515172621817328,6.0,0.0,477.0,32.0,445.0,1.739145245985128,16.28236035715973,219912,600.0031852269312,5.155089231117498,38428
16,64,48,8,0.05,704.9276595813524,1831,0.05,15.93625975982286,14.363636363636363,0.5054545454545455,2210.0,64.0,2146.0,2.3583091876935214,20.925850386134442,422961,600.0062478058971,12.769608302160764,29964
16,128,112,8,0.05,1387.8850009875746,3605,0.05,31.066148044075817,35.279411764705884,100.81617647058823,4276.0,128.0,4148.0,4.100141663686372,25.655331599846054,832755,600.0172920720652,15.421080448816433,24084
16,192,176,8,0.05,2048.4560182362743,5321,0.05,28.447894402197562,62.48888888888889,358.0037037037037,3587.0,192.0,3395.0,6.926725300378166,30.785720615079427,1229151,600.037779213977,15.324566505724963,20546
16,256,240,8,0.05,2633.1366287415594,6840,0.05,24.39303706435021,86.00740740740741,748.0777777777778,3499.0,256.0,3243.0,9.06741408444941,33.1992696992989,1580040,600.0600131240208,15.280805369471437,19222
16,320,304,8,0.05,3121.0680439102684,8108,0.05,23.629088845453225,112.01486988847584,1242.910780669145,3392.0,320.0,3072.0,11.848940616822802,35.67435832935086,1872948,600.0984194030752,15.22673090455884,17968
16,384,368,8,0.05,3449.4651301786184,8962,0.05,23.818761853151955,133.92105263157896,1939.2556390977443,3333.0,384.0,2949.0,16.134968449827284,38.3593854934563,2070222,600.1573930659797,15.189211524286703,17053
16,448,432,8,0.05,3592.9402875762867,9343,0.05,21.90139100642409,150.26356589147287,2838.267441860465,3068.0,448.0,2620.0,18.67430128203705,40.9302393407476,2158233,600.6871328930138,15.102877647755554,16295
16,512,496,8,0.05,3746.0877546557654,9736,0.05,23.131796142202802,167.99603174603175,3781.3531746031745,2962.0,512.0,2450.0,23.714477371773683,43.59209772584864,2249016,600.3639389399905,15.065139633874754,15638
32,32,0,8,0.05,366.51828247457007,952,0.05,0.24241775425616652,5.996402877697841,0.0,32.0,32.0,0.0,1.588327284087427,16.351404640894312,219912,600.0028116339818,5.181898488399881,38200
32,64,32,8,0.05,705.6988665500087,1833,0.05,6.915292041609064,14.369565217391305,0.0,956.0,64.0,892.0,2.204049425199628,20.794738461396893,423423,600.0052147880197,12.756691780463994,30248
32,128,96,8,0.05,1403.2990484983388,3645,0.05,68.65441717870999,53.97785977859779,43.025830258302584,10308.0,128.0,10180.0,3.37870176252909,38.828991732090955,841995,600.0110959250014,30.09948401271273,15965
32,192,160,8,0.05,2090.0473331671164,5429,0.05,59.048616872751154,96.75185185185185,246.61111111111111,8115.0,192.0,7923.0,5.6447010493138805,46.55607655652916,1254099,600.0337791870115,29.92750983017656,13441
32,256,224,8,0.05,2723.270554487744,7074,0.05,57.34119009913411,132.13059701492537,531.929104477612,7513.0,256.0,7257.0,8.171972193056718,48.45987700460165,1634094,600.0483489630278,29.833360551223194,12883
32,320,288,8,0.05,3204.325186705103,8324,0.05,48.55985128460452,175.67041198501872,993.6329588014981,7136.0,320.0,6816.0,10.257810446782969,54.395126309766084,1922844,600.0776725090109,29.621849656449843,11757
32,384,352,8,0.05,3551.733544618395,9228,0.05,46.09584271593485,216.74427480916032,1636.8473282442749,6300.0,384.0,5916.0,13.659455437213182,59.89684980217774,2131668,600.1767793729668,29.42530417122661,10898
32,448,416,8,0.05,3722.235701464701,9672,0.05,40.07597220316529,246.46718146718146,2457.3436293436293,5737.0,448.0,5289.0,15.354744396638125,64.06041440173303,2234232,600.2392591959797,29.28030525175801,10426
32,512,480,8,0.05,3899.445733148504,10134,0.05,40.085794706013985,281.1102362204724,3355.452755905512,5706.0,512.0,5194.0,18.99416714918334,69.53281554126089,2340954,600.3299340980593,29.119229774112483,9842
64,64,0,8,0.05,705.6990286759021,1833,0.05,0.533377451938577,14.717391304347826,0.0,64.0,64.0,0.0,2.1529149069683626,21.392061338786306,423423,600.0050769440131,13.096106516474425,29323
64,128,64,8,0.05,1400.217011020202,3637,0.05,57.7736510229297,82.18081180811808,3.088560885608856,8508.0,128.0,8380.0,3.218536438071169,58.72017690399359,840147,600.011993417982,49.210110564826806,11069
64,192,128,8,0.05,2106.2394882387466,5471,0.05,105.25394044991117,151.17100371747213,132.27881040892194,14704.0,192.0,14512.0,5.524025410646573,70.59619191990299,1263801,600.0272082339507,56.84734877931624,8802
64,256,192,8,0.05,2715.5867188951715,7054,0.05,85.62136648781598,226.1895910780669,414.56877323420076,12484.0,256.0,12228.0,7.074679702753201,81.82494653822623,1629474,600.0449142949656,56.39300998717453,7718
64,320,256,8,0.05,3139.9856077657764,8157,0.05,73.12313147715759,300.1278195488722,890.0037593984962,10657.0,320.0,10337.0,9.448919898830354,93.27048556915554,1884267,600.0877823579358,55.71971318148904,6936
64,384,320,8,0.05,3421.2931607219602,8889,0.05,60.4193464362761,361.78326996197717,1570.425855513308,8507.0,384.0,8123.0,12.452162437606603,104.29743930035296,2053359,600.1704336750554,55.030506929311436,6483
64,448,384,8,0.05,3583.552626271961,9312,0.05,52.704199414889445,391.18677042801556,2421.256809338521,7437.0,448.0,6989.0,13.52165903862624,111.84419301536505,2151072,600.2624279129959,54.50963449907926,6317
64,512,448,8,0.05,3632.5891643108107,9441,0.05,44.99929272173904,414.9404761904762,3333.8928571428573,6548.0,512.0,6036.0,13.830874265404418,115.19446260203408,2180871,600.3626893529436,54.108266837299205,6247
128,128,0,8,0.05,1410.227348549037,3663,0.05,1.0010114526376128,77.01470588235294,0.0,128.0,128.0,0.0,3.186422982485965,54.49800350870369,846153,600.0117646779399,50.5169639463013,11599
128,192,64,8,0.05,2080.4402866364503,5404,0.05,60.02908458886668,226.76951672862452,29.3271375464684,8840.0,192.0,8648.0,5.522395481588319,106.71958437566626,1248324,600.0287573829992,91.26660206298345,6409
128,256,128,8,0.05,2592.303360709148,6734,0.05,40.4031646666117,339.68888888888887,428.4,5562.0,256.0,5306.0,6.8540293232072145,147.3211706439588,1555554,600.0663439229829,95.62964675275012,5100
128,320,192,8,0.05,2801.346319987236,7278,0.05,30.305841521010734,397.13703703703703,1140.9851851851852,4277.0,320.0,3957.0,8.060191589873284,170.2111511334113,1681218,600.1464324509725,94.32802911111408,4857
128,384,256,8,0.05,2822.0313069874483,7333,0.05,27.341631459421478,413.685393258427,2064.12734082397,3860.0,384.0,3476.0,8.961944441194646,195.3335339043023,1693923,600.2495421669446,92.35802542376288,4771
128,448,320,8,0.05,2865.6261962484696,7448,0.05,26.948722780914977,428.69465648854964,3084.141221374046,3769.0,448.0,3321.0,8.907004819600843,190.5716859512609,1720488,600.3881463159341,90.92050170334922,4707
128,512,384,8,0.05,2855.2020049018106,7422,0.05,25.583757784217596,439.96875,4156.63671875,3526.0,512.0,3014.0,10.0990254211938,215.0211450633621,1714482,600.4766027260339,90.77235750034328,4642
192,192,0,8,0.05,2083.1371549749456,5411,0.05,1.6475508409785107,212.55555555555554,16.5,192.0,192.0,0.0,4.761964193428867,101.10548021840484,1249941,600.028182020993,95.28951686489215,6535
192,256,64,8,0.05,1994.816867015356,5185,0.05,11.228636450949125,265.9372693726937,1123.9594095940959,1510.0,256.0,1254.0,5.074494722881354,204.74918080688732,1197735,600.423537521041,114.40469687454038,5064
192,320,128,8,0.05,1915.6839822557774,4978,0.05,17.03925860126037,267.0479704797048,2210.5571955719556,2340.0,320.0,2020.0,5.099125658511184,225.54091430127232,1149918,600.2649761919165,116.46833411727913,4914
192,384,192,8,0.05,1880.1887748824745,4887,0.05,18.93258750042878,269.4194756554307,3242.7153558052432,2521.0,384.0,2137.0,5.200700421817601,212.8455093065137,1128897,600.416838500998,115.22136717894895,4794
192,448,256,8,0.05,1767.932367742965,4596,0.05,21.447269950527698,256.6539923954373,4479.8821292775665,2839.0,448.0,2391.0,5.522222404251806,206.2278522845545,1061676,600.5184470689856,119.17916322683394,4703
192,512,320,8,0.05,1846.8876389563163,4802,0.05,20.389879301772453,276.24710424710423,5399.660231660232,2704.0,512.0,2192.0,5.34738567029126,226.40446869208466,1109262,600.6115242759697,113.33088153567869,4665
256,256,0,8,0.05,1756.2131992390373,4563,0.05,2.1212922781705856,219.23529411764707,1395.5992647058824,256.0,256.0,0.0,4.612069253460504,158.12000475501537,1054053,600.1851030710386,111.86086807468642,5348
256,320,64,8,0.05,1604.9827709447145,4171,0.05,8.951852296479046,208.07407407407408,2578.8777777777777,1182.0,320.0,862.0,4.393794271163642,163.4528243627307,963501,600.3185937210219,117.29683554536247,5167
256,384,128,8,0.05,1518.0945417440353,3946,0.05,13.525104416301474,197.7546468401487,3724.371747211896,1798.0,384.0,1414.0,4.223922405508347,166.42973362963335,911526,600.4408651340054,118.74855258009939,5010
256,448,192,8,0.05,1416.9852885178386,3684,0.05,15.624520408455282,192.9810606060606,4875.503787878788,2081.0,448.0,1633.0,4.100803429028019,168.7584554358233,851004,600.5736311420333,120.29842018287971,4916
256,512,256,8,0.05,1379.0692539441357,3586,0.05,17.80851099442225,188.28846153846155,6017.419230769231,2423.0,512.0,1911.0,4.210550404852256,169.13809976918338,828366,600.6703417039244,120.9468403893795,4816
320,320,0,8,0.05,1534.6946068527993,3991,0.05,2.807159098912962,183.88560885608857,2724.9778597785976,320.0,320.0,0.0,4.285045292810537,155.42509110493123,921921,600.7195150640327,110.10333480368712,5398
320,384,64,8,0.05,1424.950922250363,3704,0.05,8.483649228233844,176.55185185185186,3859.3518518518517,1027.0,384.0,643.0,4.049367252853699,156.15509763546694,855624,600.4585748460377,111.23287387286406,5242
320,448,128,8,0.05,1339.3220679374053,3482,0.05,12.154867569333874,172.3811320754717,4988.4452830188675,1509.0,448.0,1061.0,3.9133175602182746,155.90351131382093,804342,600.559058388928,112.27057445485964,5146
320,512,192,8,0.05,1303.8255491759123,3395,0.05,14.494319266057573,167.07662835249042,6135.666666666667,1866.0,512.0,1354.0,3.9175438568927348,156.7194024167388,784245,601.4953461340629,112.57231969999435,5027
384,384,0,8,0.05,1307.1571304327606,3398,0.05,3.2954558798810467,153.1074074074074,4039.4333333333334,384.0,384.0,0.0,3.300984485889785,148.09301085935698,784938,600.4924593420001,102.03922900022788,5424
384,448,64,8,0.05,1224.6689940029328,3184,0.05,7.661425348138437,149.5320754716981,5183.8415094339625,927.0,448.0,479.0,3.6380717939464375,150.9085949077664,735504,600.5737089790637,102.38330467004687,5281
384,512,128,8,0.05,1176.594953488319,3060,0.05,10.298401690670289,146.86206896551724,6311.563218390805,1294.0,512.0,782.0,3.150833981926553,153.84418267098243,706860,600.7674925889587,102.8326103626536,5184
448,448,0,8,0.05,1075.7071030387362,2797,0.05,3.8773409131681547,127.70943396226416,5388.309433962264,448.0,448.0,0.0,3.4529458474135026,147.27579267573947,646107,600.6346878019394,91.83342499766329,5378
448,512,64,8,0.05,1051.6998699631854,2735,0.05,7.027878326480277,125.95038167938931,6503.324427480916,859.0,512.0,347.0,2.983176917419769,148.6621613361005,631785,600.7274680200499,91.99878936505823,5248
8,8,0,8,0.07,131.66969077702257,342,0.07,0.0600876328535378,1.7678571428571428,0.0,8.0,8.0,0.0,0.9744058445794508,13.94595935327001,79002,600.0014090850018,1.8705252182922403,36201
8,16,8,8,0.07,252.173861925509,655,0.07,2.5248058437136933,3.827956989247312,0.017921146953405017,341.0,16.0,325.0,1.454575197189115,15.063947432417864,151305,600.0027078329585,3.4102075852730107,39997
8,32,24,8,0.07,501.2666009546419,1302,0.07,11.115333390189335,8.624548736462094,1.5451263537906137,1455.0,32.0,1423.0,2.0942388732219115,17.185835199829416,300762,600.0040685479762,6.9569046944087685,35717
8,64,56,8,0.07,977.5000887346336,2539,0.07,14.274032008368522,17.745454545454546,50.09090909090909,2072.0,64.0,2008.0,3.132054953603074,18.173460626366705,586509,600.0091526940232,7.793919451839149,33622
8,128,120,8,0.07,1916.0516349648224,4977,0.07,14.043255834723823,40.66909090909091,337.07272727272726,1915.0,128.0,1787.0,6.6852400621864945,21.202928595873807,1149687,600.0292366970098,7.7588323644171595,29124
8,192,184,8,0.07,2675.056884745661,6949,0.07,13.010613406426273,68.0952380952381,937.8058608058608,1719.0,192.0,1527.0,11.664594107074663,25.288891979440496,1605219,600.0691084939754,7.738360269405271,25208
8,256,248,8,0.07,3282.4843955737706,8528,0.07,11.442891073180363,90.03321033210332,1775.80073800738,1607.0,256.0,1351.0,15.489822114934213,27.55498907749632,1969968,600.1454272429692,7.719623533276902,23793
8,320,312,8,0.07,3588.616313816417,9325,0.07,11.185082955402322,106.82527881040892,2941.828996282528,1517.0,320.0,1197.0,22.16936377878301,29.73689603366621,2154075,600.2522453310667,7.702829858888282,22515
8,384,376,8,0.07,3751.320296784588,9750,0.07,12.010174857918173,125.75757575757575,4266.795454545455,1591.0,384.0,1207.0,28.024172959383577,32.751220815866056,2252250,600.3886156909866,7.683912888121422,21158
8,448,440,8,0.07,3737.6852511291268,9717,0.07,12.153409672668204,128.66666666666666,5744.961240310077,1577.0,448.0,1129.0,34.130329704494216,33.97557671296091,2244627,600.5393309460487,7.677962406703329,20777
8,512,504,8,0.07,3783.4503427863415,9839,0.07,12.115277465927647,136.91372549019607,7214.145098039216,1659.0,512.0,1147.0,39.315745579995564,35.38158610151301,2272809,600.7238880069926,7.659031342653076,20244
16,16,0,8,0.07,252.1742827432111,655,0.07,0.12379868293646723,3.8315412186379927,0.0,16.0,16.0,0.0,1.3244010384660214,15.027649295575301,151305,600.0017065739958,3.4066071237355606,40126
16,32,16,8,0.07,501.26689538597077,1302,0.07,4.8812986857956275,8.790613718411553,0.0,654.0,32.0,622.0,2.031321793445386,17.545630797227098,300762,600.003716120962,7.411144737974676,35730
16,64,48,8,0.07,988.6697356061668,2568,0.07,27.76920416019857,22.71167883211679,11.788321167883211,4161.0,64.0,4097.0,2.7963453272823244,23.201699407520135,593208,600.0062292149523,15.414322898516524,26372
16,128,112,8,0.07,1969.1958341461836,5115,0.07,24.58721109444741,55.794871794871796,206.08058608058607,3617.0,128.0,3489.0,5.305330572417006,28.43357600060251,1181565,600.0241212740075,15.324915810557624,21884
16,192,176,8,0.07,2841.069342799321,7380,0.07,21.98376296176866,93.05514705882354,630.5183823529412,3160.0,192.0,2968.0,8.875650872389087,32.693224424908216,1704780,600.0487120530015,15.296530148161535,19182
16,256,240,8,0.07,3548.0230349149374,9217,0.07,20.691475760075264,129.24074074074073,1299.2037037037037,2974.0,256.0,2718.0,12.620898877037689,36.04056330939508,2129127,600.0882686070399,15.222326352562359,17717
16,320,304,8,0.07,3978.78060391221,10338,0.07,19.18665952445008,164.26119402985074,2311.018656716418,2696.0,320.0,2376.0,17.612048176350072,40.5403600082626,2388078,600.203488891013,15.138698775024725,16236
16,384,368,8,0.07,4166.0861042271845,10827,0.07,19.29214924154803,192.94252873563218,3500.2337164750957,2643.0,384.0,2259.0,23.26839961647056,44.66727887222832,2501037,600.3325273239752,15.126657893281491,15024
16,448,432,8,0.07,4288.691401550869,11161,0.07,18.674609650945058,211.69921875,4859.63671875,2494.0,448.0,2046.0,26.351170135414577,47.36647697687884,2578191,601.1602977700095,15.002649696555798,14640
16,512,496,8,0.07,4376.202822603201,11378,0.07,18.677816254319623,225.0079365079365,6280.68253968254,2533.0,512.0,2021.0,32.54963359399699,49.22044770836542,2628318,600.5932783610187,14.953260599037625,14304
32,32,0,8,0.07,501.26634908919647,1302,0.07,0.2405115042347461,8.971119133574007,0.0,32.0,32.0,0.0,1.9082272951491177,17.605213622325195,300762,600.0043700250098,7.441626143229871,35523
32,64,32,8,0.07,992.5206702708625,2578,0.07,9.232248318498023,24.62181818181818,0.0036363636363636364,1328.0,64.0,1264.0,2.6315029334509745,25.318139190835637,595518,600.0056400210597,19.664659951928996,24828
32,128,96,8,0.07,1990.0024472350622,5169,0.07,51.112267959164456,87.72324723247233,127.97416974169742,7529.0,128.0,7401.0,5.169404222862795,44.127786320926994,1194039,600.0188601069385,29.850116480835897,14098
32,192,160,8,0.07,2926.5624540193767,7602,0.07,47.581037371302955,138.66666666666666,422.05555555555554,7004.0,192.0,6812.0,8.093315786449239,46.73609965532914,1756062,600.0425508050248,29.90779333936543,13239
32,256,224,8,0.07,3644.2439284327065,9467,0.07,41.167933491640724,206.2193308550186,1042.4163568773233,5956.0,256.0,5700.0,11.048224303522147,55.91137763067418,2186877,600.0907301889965,29.564808883736656,11419
32,320,288,8,0.07,3992.4956677211826,10374,0.07,38.64363115129527,272.0344827586207,2083.609195402299,4851.0,320.0,4531.0,18.385976214543916,66.01165614509877,2396394,600.2245711559663,29.415933034585965,10045
32,384,352,8,0.07,4324.366743773357,11238,0.07,35.035157177830115,308.9031007751938,3168.798449612403,4626.0,384.0,4242.0,19.998483657371253,68.72459600431282,2595978,600.3140237210318,29.126463404419106,9867
32,448,416,8,0.07,4378.614931475819,11387,0.07,31.614575742278248,329.29411764705884,4535.894117647059,4476.0,448.0,4028.0,21.66741550574079,72.89397838242431,2630397,600.7372288189363,29.027658180785572,9517
32,512,480,8,0.07,4406.398219873796,11457,0.07,30.005379143171012,351.0517928286853,5936.418326693227,4294.0,512.0,3782.0,25.762680229148827,76.32980285743876,2646567,600.6191151910461,28.96793043154174,9260
64,64,0,8,0.07,992.1321191272308,2577,0.07,0.5387362180044875,25.21090909090909,0.0,64.0,64.0,0.0,2.769390310277231,25.85467383773303,595287,600.0077898129821,20.01895826012205,24284
64,128,64,8,0.07,2008.8656368218242,5218,0.07,98.7801985408878,133.73333333333332,43.48518518518519,14452.0,128.0,14324.0,4.792054457240738,65.59648388051825,1205358,600.0192237381125,56.2310475685042,9461
64,192,128,8,0.07,2897.6495139100775,7527,0.07,72.94956824800465,244.92222222222222,320.02962962962965,10229.0,192.0,10037.0,9.000545762944967,82.59916113178458,1738737,600.0508314250037,56.32696409080119,7641
64,256,192,8,0.07,3518.2360280421553,9140,0.07,56.50441472302191,344.5430711610487,977.812734082397,8215.0,256.0,7959.0,11.058567258296534,95.2160876788722,2111340,600.1132337829331,55.6734277308578,6821
64,320,256,8,0.07,3763.1141260401764,9778,0.07,38.80720345757436,394.77862595419845,2094.9351145038167,5425.0,320.0,5105.0,13.991985143511556,109.42504024551243,2258718,600.2257503619185,54.57289255033018,6462
64,384,320,8,0.07,3787.481892615356,9853,0.07,37.3450908557279,444.31640625,3440.6796875,5093.0,384.0,4709.0,16.652844444965012,118.52898390224586,2276043,600.9383185270708,53.871129890321,6164
64,448,384,8,0.07,3855.8738425456268,10024,0.07,34.36740993335843,449.4087301587302,4848.642857142857,4964.0,448.0,4516.0,18.064379495801404,122.71220880353083,2315544,600.5237968240399,53.82092356092945,6130
64,512,448,8,0.07,3805.981253060911,9898,0.07,34.51033309660852,449.7429718875502,6346.538152610442,4768.0,512.0,4256.0,19.191183210350573,123.99369672051414,2286438,600.7486238039564,53.27135115852323,6074
128,128,0,8,0.07,2036.9791422128155,5291,0.07,1.0331286593573168,129.34814814814814,0.0,128.0,128.0,0.0,5.095709114102647,62.69352119973501,1222221,600.016453124932,69.18188565249503,9919
128,192,64,8,0.07,2755.1805816367178,7157,0.07,26.236206388217397,361.7859778597786,355.54243542435427,3716.0,192.0,3524.0,8.017224267008714,154.33945619799795,1653267,600.0575828020228,95.63012371463854,5153
128,256,128,8,0.07,2921.2102411006704,7590,0.07,18.130553295253776,414.3074074074074,1499.0777777777778,2554.0,256.0,2298.0,9.609358676476404,187.65717303599328,1753290,600.1930211429717,94.81679708398444,4890
128,320,192,8,0.07,2946.6257887869297,7658,0.07,18.078026126488112,437.15671641791045,2810.3022388059703,2481.0,320.0,2161.0,9.393999416846782,221.9257457851526,1768998,600.3470161469886,92.15362711868453,4811
128,384,256,8,0.07,2964.637738499234,7707,0.07,15.130077893729322,438.0,4285.5,2122.0,384.0,1738.0,9.710795282269828,212.32372582263974,1780317,600.5175529139815,90.02245330820782,4820
128,448,320,8,0.07,2863.0794314894742,7445,0.07,16.662160593667068,433.7003891050584,5773.708171206225,2342.0,448.0,1894.0,10.595256847445853,213.87197899259934,1719795,600.6801561580505,92.2780814155007,4809
128,512,384,8,0.07,2927.3786820635514,7614,0.07,17.745174024486914,462.23809523809524,7240.452380952381,2484.0,512.0,1972.0,11.351231762790121,233.46935978622616,1758834,600.8221658429829,91.24200563937262,4631
192,192,0,8,0.07,2148.1300957673334,5581,0.07,1.556477740756236,280.3345588235294,1043.4595588235295,192.0,192.0,0.0,5.864657131838612,194.62388446099783,1289211,600.1549917950761,109.60674963715046,5231
192,256,64,8,0.07,2000.9660363813032,5200,0.07,12.477212373283692,269.72058823529414,2651.606617647059,1701.0,256.0,1445.0,5.5673031588085,222.2706552297915,1201200,600.3100393309724,114.89219357653029,5040
192,320,128,8,0.07,1917.6374470465853,4985,0.07,15.864093794371001,269.31226765799255,4161.048327137546,2143.0,320.0,1823.0,5.771617118618451,210.93729333370237,1151535,600.4967215119395,115.25709059559836,4920
192,384,192,8,0.07,1878.5655074380456,4885,0.07,19.709740098100156,274.2894736842105,5684.289473684211,2653.0,384.0,2269.0,5.813372954260558,223.6777264094937,1128435,600.6897260340629,115.64238304172272,4771
192,448,256,8,0.07,1820.6505642513932,4742,0.07,21.299371237517335,268.6,7272.85,2813.0,448.0,2365.0,5.770165303023532,214.38253706543088,1095402,601.6541677509667,116.16219707987408,4698
192,512,320,8,0.07,1792.830485629686,4664,0.07,23.68245960213244,268.6264591439689,8789.774319066148,3246.0,512.0,2734.0,5.943518737098202,226.457371116882,1077384,600.9402498650597,115.82328209002281,4627
256,256,0,8,0.07,1754.9164860843377,4561,0.07,2.2033699286403134,220.03321033210332,2971.1180811808117,256.0,256.0,0.0,4.750893938820809,166.96525547747171,1053591,600.3653212870704,112.73184176770934,5302
256,320,64,8,0.07,1593.2013338588642,4142,0.07,9.037612627609633,206.6679104477612,4588.619402985075,1169.0,320.0,849.0,4.471765458351001,165.69732139434993,956802,600.5531000168994,116.64903555315757,5168
256,384,128,8,0.07,1516.6394944606425,3944,0.07,13.78243860998191,199.03030303030303,6203.166666666667,1832.0,384.0,1448.0,4.2516058553010225,166.784875673046,911064,600.7123006670736,118.27850682978897,5007
256,448,192,8,0.07,1414.822588971948,3680,0.07,15.919926974573173,192.41312741312743,7781.988416988417,2137.0,448.0,1689.0,4.134573140647262,167.78335224490252,850080,600.8385833150242,120.19761857206508,4903
256,512,256,8,0.07,1378.6653774236854,3587,0.07,18.19424070895184,189.19762845849803,9354.652173913044,2459.0,512.0,1947.0,4.209623732720502,169.4452398730918,828597,601.0138599029742,120.41445122087543,4794
320,320,0,8,0.07,1515.0921358229307,3939,0.07,2.7432459266856313,185.3111111111111,4747.311111111111,320.0,320.0,0.0,3.858973686117679,156.7342038222935,909909,600.5634762969567,110.06845782131168,5409
320,384,64,8,0.07,1424.0281830505369,3703,0.07,8.719288575579412,177.98490566037736,6324.17358490566,1053.0,384.0,669.0,4.112058640108444,156.49846913861586,855393,600.6854430139065,111.24150979254578,5230
320,448,128,8,0.07,1334.7280875139759,3477,0.07,12.0820878011873,171.88846153846154,7874.719230769231,1508.0,448.0,1060.0,4.03528727858793,156.9701405335498,803187,601.7607687390409,112.0450652597835,5117
320,512,192,8,0.07,1304.0381359886192,3393,0.07,14.989602769957855,167.8235294117647,9492.964705882352,1903.0,512.0,1391.0,4.029777606483549,158.3571232142415,783783,601.0430050849682,112.50723628004376,4982
384,384,0,8,0.07,1307.0669768184937,3399,0.07,3.324069367372431,153.77358490566039,6476.935849056604,384.0,384.0,0.0,3.866284927353263,149.0627117417194,785169,600.7106092689792,102.5455360937569,5412
384,448,64,8,0.07,1223.9901243206104,3184,0.07,7.761369846644811,148.37307692307692,8103.138461538461,949.0,448.0,501.0,4.202745400601998,150.78850532875563,735504,600.9068091200897,102.10489115499364,5249
384,512,128,8,0.07,1154.9688357200437,3005,0.07,10.336825880571268,146.73151750972764,9617.98832684825,1289.0,512.0,777.0,3.7659802443813533,154.8633444849894,694155,601.0162166559603,103.08746320381937,5147
448,448,0,8,0.07,1074.4839319492603,2795,0.07,3.872099918196909,127.3984674329502,8259.344827586207,448.0,448.0,0.0,3.3349045283393934,147.803341772334,645645,600.8884645010112,91.92766832417118,5379
448,512,64,8,0.07,1048.8226386634167,2729,0.07,7.163969051092863,126.51953125,9813.50390625,882.0,512.0,370.0,3.0965174476150423,150.06172068186507,630399,601.0539597079623,91.37517405986426,5206
8,8,0,8,0.1,181.71965775131426,472,0.1,0.06026138202287257,2.7,0.0,8.0,8.0,0.0,1.1543890298780752,14.284156178620554,109032,600.0011300330079,2.3628769558134612,39117
8,16,8,8,0.1,367.6734792663701,955,0.1,3.6467211130075157,5.812274368231047,0.10108303249097472,507.0,16.0,491.0,1.6289496502140537,15.872002316745599,220605,600.002481658943,4.573965266146469,39023
8,32,24,8,0.1,701.8488325442555,1823,0.1,12.89678098645527,12.4043321299639,8.898916967509026,1935.0,32.0,1903.0,2.3802914487896487,17.727331144076096,421113,600.0052724650595,7.69186887467136,34236
8,64,56,8,0.1,1388.6661600771752,3607,0.1,13.40510474878829,26.93090909090909,95.32,1825.0,64.0,1761.0,4.359034501132555,19.376391815961718,833217,600.0124608449405,7.79250835114451,31500
8,128,120,8,0.1,2695.543733462711,7002,0.1,11.585236737504601,66.69818181818182,646.2690909090909,1498.0,128.0,1370.0,9.614953313022852,24.64247936988658,1617462,600.0503645779099,7.732185615939307,25619
8,192,184,8,0.1,3658.286877345744,9504,0.1,9.750074609706644,106.40221402214023,1680.1254612546124,1348.0,192.0,1156.0,15.872906694625271,28.727774629627092,2195424,600.1235205460107,7.708562174337745,22663
8,256,248,8,0.1,4100.452186657282,10656,0.1,9.69453350896947,135.82962962962964,3283.714814814815,1327.0,256.0,1071.0,22.368652886420023,32.37875715098133,2461536,600.3084264729987,7.683672205067337,20955
8,320,312,8,0.1,4274.912099603497,11113,0.1,9.21452222764492,155.6766917293233,5173.312030075188,1277.0,320.0,957.0,30.78980299877003,35.399746226327075,2567103,600.5042770910077,7.684271421425386,19813
8,384,376,8,0.1,4140.035352641364,10768,0.1,11.416865929029882,170.3953488372093,7530.922480620155,1326.0,384.0,942.0,45.68004039989319,39.25630625914272,2487408,600.8180578489555,7.647331385676475,18778
8,448,440,8,0.1,4154.522578864148,10828,0.1,10.141331450431608,168.70038910505838,9500.408560311284,1336.0,448.0,888.0,49.15523441322148,38.96402909909935,2501268,602.0590699699242,7.666292377293863,18912
8,512,504,8,0.1,3999.6607838568684,10411,0.1,10.828006302472204,168.0040322580645,11809.733870967742,1391.0,512.0,879.0,58.95997479266953,39.91939700490123,2404941,601.2862414999399,7.661757702243319,18686
16,16,0,8,0.1,368.0578567438609,956,0.1,0.13221586600411683,5.64748201438849,0.0,16.0,16.0,0.0,1.6185281698126346,15.411596728556557,220836,600.0034938900499,4.527301086739494,40299
16,32,16,8,0.1,704.9290275957026,1831,0.1,7.347832850646228,13.227436823104693,0.036101083032490974,1016.0,32.0,984.0,2.221984429983422,19.064694553034848,422961,600.0050834090216,10.546219134290528,32629
16,64,48,8,0.1,1407.1439192068171,3655,0.1,26.189678229871788,34.737226277372265,41.08759124087591,3768.0,64.0,3704.0,3.510662635002518,24.829837384769846,844305,600.013252713994,15.462536299012822,24680
16,128,112,8,0.1,2790.3205455138527,7248,0.1,20.39577769523021,90.41391941391942,405.996336996337,2891.0,128.0,2763.0,7.853182691615075,32.257617184559955,1674288,600.0342873480404,15.295554828998633,19329
16,192,176,8,0.1,3913.7130549710473,10167,0.1,16.904335819883272,149.06273062730628,1183.760147601476,2407.0,192.0,2215.0,13.087728173122741,37.461505175872595,2348577,600.089216304943,15.216268827510119,17032
16,256,240,8,0.1,4464.44288487224,11601,0.1,16.74295785673894,207.96603773584906,2697.4528301886794,2047.0,256.0,1791.0,21.85881142260041,45.01227611543494,2679831,600.2610110839596,15.070657015307162,14939
16,320,304,8,0.1,4791.444748123757,12454,0.1,15.520406578318216,243.40754716981132,4399.433962264151,2116.0,320.0,1796.0,26.670709603931755,49.090167257441244,2876874,600.4189031140413,15.061692681314026,14167
16,384,368,8,0.1,4831.398055190419,12562,0.1,14.460696307593025,254.6872586872587,6350.996138996139,2029.0,384.0,1645.0,32.44450174784288,51.164233968878044,2901822,600.6174541719956,15.05142833705266,13782
16,448,432,8,0.1,4751.830107830115,12360,0.1,14.607278275478166,257.0992063492063,8471.595238095239,2022.0,448.0,1574.0,39.21500023793487,52.33236932224423,2855160,600.8548149259877,15.075569810617981,13617
16,512,496,8,0.1,4685.055594749939,12192,0.1,14.89013478916604,275.8991935483871,10635.189516129032,1996.0,512.0,1484.0,48.009395324043,56.18482485510337,2816352,601.1352358669974,15.034229360089578,13039
32,32,0,8,0.1,704.9295643245639,1831,0.1,0.2582649731775746,13.216606498194945,0.0,32.0,32.0,0.0,2.2142512219725177,18.954432428375142,422961,600.0046265689889,10.518032633839129,32791
32,64,32,8,0.1,1418.6986344555326,3685,0.1,51.91606893914286,50.5970695970696,6.52014652014652,7809.0,64.0,7745.0,3.317706092260778,36.09498830435745,851235,600.0111505899113,29.742601631298086,17129
32,128,96,8,0.1,2836.5516956423276,7368,0.1,42.7356201116927,130.070110701107,255.5350553505535,6126.0,128.0,5998.0,7.0382795735495165,45.15075553749729,1702008,600.0271395070013,29.9293326103905,13672
32,192,160,8,0.1,3928.3772311381717,10205,0.1,31.369877684046514,224.7962962962963,975.7,4586.0,192.0,4394.0,11.645511247566901,56.26134283969723,2357355,600.0836633800063,29.452356188455735,11282
32,256,224,8,0.1,4417.2475022954995,11479,0.1,28.042722291313112,306.15209125475286,2431.3764258555134,3760.0,256.0,3504.0,23.403052027570084,66.84725555982673,2651649,600.2944138000021,29.338100945233727,9936
32,320,288,8,0.1,4757.036117000636,12365,0.1,23.082795098307543,355.8965517241379,4151.390804597701,3345.0,320.0,3025.0,22.298937933985144,72.99736635338141,2856315,600.4400491709821,29.19629406167878,9506
32,384,352,8,0.1,4742.3897348577475,12331,0.1,24.407819649321027,377.9647058823529,6132.066666666667,3424.0,384.0,3040.0,25.65948419109918,77.89832674804828,2848461,600.6383193399524,29.15483722750413,9162
32,448,416,8,0.1,4685.76736598224,12189,0.1,22.70644396462012,391.1593625498008,8231.298804780876,3240.0,448.0,2792.0,30.81823077960871,79.8913408941946,2815659,600.89602835197,29.033698719809376,9036
32,512,480,8,0.1,4624.720850924454,12058,0.1,21.61208258406259,384.7368421052632,10420.684210526315,3019.0,512.0,2507.0,35.44899082253687,80.87074774580813,2785398,602.2845680390019,29.035137977573164,9022
64,64,0,8,0.1,1424.474412999431,3700,0.1,0.5060371535364538,49.441605839416056,0.0,64.0,64.0,0.0,3.1918973225401714,35.21879837894873,854700,600.0107774490025,31.695739949756902,17773
64,128,64,8,0.1,2844.2578364330957,7388,0.1,60.18050631217193,216.38888888888889,140.52592592592592,8881.0,128.0,8753.0,7.027495429269038,74.45989422878228,1706628,600.025770568056,56.66702626074525,8388
64,192,128,8,0.1,3803.48550731326,9881,0.1,33.37492703390308,363.2156133828996,943.7546468401487,4632.0,192.0,4440.0,11.816458825021982,96.11222177520506,2282511,600.1103450009832,56.06409984423518,6922
64,256,192,8,0.1,4037.0463148067333,10491,0.1,25.761461815680377,434.92015209125475,2670.5209125475285,3555.0,256.0,3299.0,14.57803950808011,115.44503628568435,2423421,600.2955653769895,55.021950949648215,6463
64,320,256,8,0.1,3995.419135565967,10387,0.1,25.061480779317208,442.4131274131274,4641.440154440154,3529.0,320.0,3209.0,17.666081190109253,114.7025822801735,2399397,600.5369946400169,54.825039124937895,6343
64,384,320,8,0.1,4037.0358031683722,10500,0.1,25.25713963143062,468.82142857142856,6706.825396825397,3380.0,384.0,2996.0,20.368009398924187,121.40209123516995,2425500,600.812110236031,54.526127985884024,6115
64,448,384,8,0.1,3848.7652497965714,10015,0.1,25.311852878541686,472.2172131147541,8898.422131147541,3200.0,448.0,2752.0,24.012242834782228,128.92813046415748,2313465,601.0927790730493,54.75894141520471,5982
64,512,448,8,0.1,3992.2152647589087,10390,0.1,23.764059743029065,507.2396694214876,10768.55785123967,3389.0,512.0,2877.0,24.324774202541448,132.6410030816021,2400090,601.192531171022,54.43270986001197,5865
128,128,0,8,0.1,2789.136981319445,7245,0.1,0.9877139639575034,292.7148148148148,48.46666666666667,128.0,128.0,0.0,7.035630836733617,109.11641802369861,1673595,600.0404466360342,92.30799576151566,6295
128,192,64,8,0.1,3081.6168759717675,8007,0.1,8.196749959955923,440.9117647058824,1684.7426470588234,1139.0,192.0,947.0,9.364698039134964,230.25793266675333,1849617,600.2099139649654,95.73841485355318,4920
128,256,128,8,0.1,3036.9441083220245,7894,0.1,8.708825713722035,440.36059479553904,3694.1078066914497,1206.0,256.0,950.0,9.500273235957138,231.7044993295638,1823514,600.4437141279923,95.84196239351436,4881
128,320,192,8,0.1,2960.3307325136625,7698,0.1,10.389379188418388,432.0679245283019,5780.909433962264,1428.0,320.0,1108.0,9.548701144638471,231.911338638302,1778238,600.6889637260465,94.75257649499694,4847
128,384,256,8,0.1,2858.6701867745846,7437,0.1,10.478329612291418,421.7394636015326,7946.505747126437,1440.0,384.0,1056.0,9.677239682758227,256.42838430688994,1717947,600.9601974890102,95.95127603655675,4812
128,448,320,8,0.1,2898.773156213076,7558,0.1,19.411962367827073,478.97254901960787,10031.243137254902,2672.0,448.0,2224.0,9.6468517127214,252.92988120613143,1745898,602.2885910399491,92.28774840356724,4584
128,512,384,8,0.1,2866.1896151627784,7461,0.1,15.850961688440293,451.51190476190476,12250.15873015873,2186.0,512.0,1674.0,11.479951900313608,261.20868746060603,1723491,601.3178579959786,96.27134801761643,4661
192,192,0,8,0.1,2161.316857980412,5617,0.1,1.55972088011913,282.3699633699634,2810.8827838827838,192.0,192.0,0.0,5.7224614032311365,202.50673140736774,1297527,600.340942703071,111.50971801078684,5178
192,256,64,8,0.1,1999.7566478701074,5205,0.1,13.076054739183746,270.64444444444445,5123.781481481482,1704.0,256.0,1448.0,4.841331145493314,218.16428864201407,1202355,601.2506578140892,116.25820887325372,5022
192,320,128,8,0.1,1911.0315118920298,4977,0.1,19.969442544854246,265.7368421052632,7233.973684210527,2761.0,320.0,2441.0,5.361026368685998,210.61213611695274,1149687,601.6054642980453,116.67400000908457,4876
192,384,192,8,0.1,1844.4665589209872,4808,0.1,20.345257906941697,268.03053435114504,9388.290076335878,2661.0,384.0,2277.0,5.534388294094242,221.7514205863209,1110648,602.1513345569838,116.04189317186876,4739
192,448,256,8,0.1,1776.5832928192294,4624,0.1,22.107263925950974,264.4140625,11548.80859375,2870.0,448.0,2422.0,6.528474124264903,227.30250172661852,1068144,601.2349684460787,117.38944516161644,4647
192,512,320,8,0.1,1808.6058871093965,4709,0.1,20.5069954036735,273.70355731225294,13606.513833992094,2776.0,512.0,2264.0,6.128943071118556,230.831586414943,1087779,601.4461236430798,115.79039962797248,4646
256,256,0,8,0.1,1755.671226310028,4565,0.1,2.136503217741847,220.93333333333334,5356.829629629629,256.0,256.0,0.0,5.187320229131728,164.47002372803004,1054515,600.633526481106,113.9213047630176,5306
256,320,64,8,0.1,1599.6987969935724,4161,0.1,8.969218434416689,207.9056603773585,7629.101886792453,1211.0,320.0,891.0,4.973313153255731,165.77436557122542,961191,600.857487551053,117.89114849144018,5170
256,384,128,8,0.1,1512.6525280146711,3936,0.1,13.825727133546025,199.19540229885058,9786.406130268198,1841.0,384.0,1457.0,4.834832673193887,167.9670906516147,909216,601.0739301730646,120.21872257028707,4984
256,448,192,8,0.1,1411.828892095653,3675,0.1,16.189098887494765,191.82421875,12039.90234375,2127.0,448.0,1679.0,3.977561704115942,168.86995938780967,848925,601.2945370029192,120.68366952986165,4894
256,512,256,8,0.1,1375.493560427163,3582,0.1,18.378817858640105,188.08,14116.532,2464.0,512.0,1952.0,4.314180394867435,169.92765291717706,827442,601.5600681860233,120.98532305090379,4782
320,320,0,8,0.1,1536.2491946402988,3996,0.1,2.8684687314089388,183.2188679245283,7775.984905660377,320.0,320.0,0.0,4.414695912506431,153.5882294369489,923076,600.8634557599435,110.71664400839148,5395
320,384,64,8,0.1,1422.570386671591,3702,0.1,8.70191595761571,176.92337164750958,9937.590038314176,1068.0,384.0,684.0,4.673984429100528,156.48728890826064,855162,601.1386206350289,111.56915095110071,5222
320,448,128,8,0.1,1333.6807016715484,3472,0.1,12.541115985251963,171.50196078431372,12143.407843137255,1522.0,448.0,1074.0,4.453823135816492,157.95716270094567,802032,601.3673280229559,112.48154665334808,5081
320,512,192,8,0.1,1267.197911118523,3306,0.1,15.211676030303352,167.17446808510638,13525.92340425532,1884.0,512.0,1372.0,4.185647071804851,161.3691552111695,763686,602.6572434339905,113.08527534675115,4967
384,384,0,8,0.1,1304.6781361424298,3395,0.1,3.3283466674620286,153.80769230769232,10161.01923076923,384.0,384.0,0.0,3.957641469198279,148.3748417971359,784245,601.1022782360669,102.8304030331497,5403
384,448,64,8,0.1,1222.2728186422762,3182,0.1,7.653167900978588,149.56201550387595,12343.124031007752,942.0,448.0,494.0,3.9725500895874575,152.39054521356,735042,601.3731049149064,103.18871754216046,5256
384,512,128,8,0.1,1148.3343771879854,2997,0.1,10.58340704254806,147.28112449799198,14264.606425702812,1303.0,512.0,791.0,3.9568229479482397,156.23463738943462,692307,602.8792778069619,103.49771750522879,5110
448,448,0,8,0.1,1065.7948204615404,2780,0.1,3.847426545689814,128.07782101167317,12585.490272373541,448.0,448.0,0.0,3.631900342530571,149.24706267361006,642180,602.5362364980392,92.68826547719017,5328
448,512,64,8,0.1,1048.4026756604007,2730,0.1,7.381050536292605,125.82448979591837,14143.616326530613,893.0,512.0,381.0,3.1421049983473495,150.71014126783962,630630,601.5150615699822,92.59780333858947,5214
8,8,0,8,0.15,274.8891768603962,714,0.15,0.0690988780115731,3.992831541218638,0.0,8.0,8.0,0.0,1.5113600203258102,14.80019719342749,164934,600.0017966649975,3.1248481238934795,40775
8,16,8,8,0.15,535.9165749741377,1392,0.15,6.2903974142391235,8.967625899280575,0.5071942446043165,892.0,16.0,876.0,1.9299632690381259,16.777762450124595,321552,600.0038345810026,6.401785401685909,36622
8,32,24,8,0.15,1061.0461960169755,2756,0.15,11.83178788726218,19.28880866425993,25.660649819494584,1766.0,32.0,1734.0,3.042778520495631,18.34008716653294,636636,600.0078058710787,7.7867380260797034,33090
8,64,56,8,0.15,2137.839308110415,5553,0.15,10.294966229819693,45.56159420289855,206.8804347826087,1441.0,64.0,1377.0,6.031773062888533,21.405345703238552,1282743,600.0184369019698,7.780550416379775,28787
8,128,120,8,0.15,3853.186924552791,10010,0.15,8.395418896805495,110.38181818181818,1302.1054545454544,1104.0,128.0,976.0,14.505990213248879,28.432614767510806,2312310,600.1032509650104,7.702082187740167,22755
8,192,184,8,0.15,4576.497158905446,11894,0.15,7.666974246152677,162.1691176470588,3626.0882352941176,1010.0,192.0,818.0,24.413944692001678,34.59205926331315,2747514,600.3530439549359,7.676193591988902,19733
8,256,248,8,0.15,4715.316778254945,12278,0.15,7.2308273372473195,189.14126394052045,6493.003717472119,978.0,256.0,722.0,35.29390901932493,38.79395561608951,2836218,601.4904477000237,7.6559402317219005,18864
8,320,312,8,0.15,4469.0257960374265,11628,0.15,7.954397382331081,185.83461538461538,9795.153846153846,1007.0,320.0,687.0,50.061562282033265,39.86849010514056,2686068,601.0410596380243,7.641848241896294,18435
8,384,376,8,0.15,4288.513715522886,11165,0.15,8.773678659228608,190.56640625,13055.8359375,1066.0,384.0,682.0,63.94994549441617,42.53161580283564,2579115,601.4006649120711,7.642248776993213,17871
8,448,440,8,0.15,4291.681372150435,11176,0.15,9.321954937418923,186.09170305676855,15169.148471615721,1154.0,448.0,706.0,71.3260106620146,46.3207535642645,2581656,601.5488514018944,7.624762485574112,16985
8,512,504,8,0.15,4468.707948608882,11637,0.15,10.032000641920604,194.57286432160805,16173.462311557789,1219.0,512.0,707.0,78.55625356710516,48.87695807903234,2688147,601.549045252963,7.603415512725601,16179
16,16,0,8,0.15,537.0709860434383,1395,0.15,0.12582803063560277,8.917266187050359,0.0,16.0,16.0,0.0,1.949161221156828,16.704355199649036,322245,600.0044842748903,6.618512466685671,37212
16,32,16,8,0.15,1064.8935879610908,2766,0.15,19.589684715378098,23.938181818181818,2.8145454545454545,2934.0,32.0,2902.0,2.899903268669732,22.866044627726556,638946,600.0092471430544,14.91218049677406,26757
16,64,48,8,0.15,2164.0151075740537,5621,0.15,18.45530361623969,61.737226277372265,111.07299270072993,2665.0,64.0,2601.0,5.122099242289551,28.55271762525028,1298451,600.0193785410374,15.394141873538349,21655
16,128,112,8,0.15,4013.553574085313,10426,0.15,13.962531397584826,151.84615384615384,919.7399267399268,1911.0,128.0,1783.0,12.300738672493026,36.723516340584055,2408406,600.0682326880051,15.19746657518569,17242
16,192,176,8,0.15,4962.243071420261,12895,0.15,11.705466061946936,230.7992565055762,2959.9516728624535,1572.0,192.0,1380.0,22.093674041796476,45.23630731284629,2978745,600.2819606229896,15.122918854528063,14712
16,256,240,8,0.15,5201.878410819547,13542,0.15,11.29498131654691,280.2218045112782,5826.199248120301,1469.0,256.0,1213.0,29.995828095357865,52.42498922597793,3128202,601.3600766779855,15.016786331058862,13639
16,320,304,8,0.15,5152.648152614233,13404,0.15,11.447595815989189,301.79457364341084,8796.41472868217,1560.0,320.0,1240.0,39.521931816241704,56.52676573816755,3096324,600.9189659940312,14.993189313569548,13076
16,384,368,8,0.15,4945.703208963028,12876,0.15,11.102512842742726,291.2589641434263,12064.490039840637,1513.0,384.0,1129.0,53.107689655269496,56.78247531013943,2974356,601.402040180983,14.98305726798073,12711
16,448,432,8,0.15,4682.922132831007,12196,0.15,11.53053692181129,277.0082644628099,14853.780991735537,1599.0,448.0,1151.0,60.94284691498615,56.6234397476731,2817276,601.6064158420777,14.98906762823224,12945
16,512,496,8,0.15,4894.160129791869,12747,0.15,11.821458494872786,302.0,16407.04651162791,1583.0,512.0,1071.0,67.66844759020023,66.24653445571602,2944557,601.6470491179498,14.930795482787392,12017
32,32,0,8,0.15,1068.7465628310283,2776,0.15,0.25566296523902565,24.130434782608695,0.0,32.0,32.0,0.0,3.0589777295244858,23.116093999778865,641256,600.0075436980696,16.212219606587247,26753
32,64,32,8,0.15,2178.2620138687507,5658,0.15,35.96270980453119,93.16483516483517,49.04761904761905,5316.0,64.0,5252.0,4.794257488450967,42.80741258474967,1306998,600.0187267089495,30.04594252272688,14368
32,128,96,8,0.15,4040.5185315106824,10496,0.15,26.10584491363261,228.6925925925926,753.8444444444444,3702.0,128.0,3574.0,11.557027323171496,54.78058931486996,2424576,600.0655562130269,29.59400697339704,11507
32,192,160,8,0.15,4845.319885844975,12592,0.15,17.30208739238151,330.84644194756555,2871.0149812734085,2378.0,192.0,2186.0,19.884454198152525,67.1119073026377,2908752,600.3219743029913,29.251676651964978,10062
32,256,224,8,0.15,4963.641560135167,12923,0.15,16.869217507424764,374.83076923076925,5646.842307692307,2353.0,256.0,2097.0,25.926528508789488,73.47158614091313,2985213,601.4159088309971,29.02389203750356,9461
32,320,288,8,0.15,4860.65227280351,12669,0.15,15.455966357214493,389.9685039370079,8740.72440944882,2122.0,320.0,1802.0,33.13354929695197,79.84004242628697,2926539,602.0877108150016,29.044368354617664,9172
32,384,352,8,0.15,4682.971005633349,12191,0.15,15.869342415127903,368.8433734939759,12084.349397590362,2179.0,384.0,1795.0,41.09633089735871,76.30197777350165,2816121,601.3534990100015,29.096612040009774,9113
32,448,416,8,0.15,4574.531611461023,11913,0.15,17.210803476627916,382.7105263157895,14524.21052631579,2212.0,448.0,1764.0,48.16855764598586,84.18395643361772,2751903,601.5704412459163,28.94483256470256,8817
32,512,480,8,0.15,4416.044875216281,11501,0.15,17.222064050030895,360.76190476190476,15357.513227513227,2243.0,512.0,1731.0,44.370500039774925,103.88490772639918,2656731,601.6086962589761,28.741887643902885,8210
64,64,0,8,0.15,2186.7384371537864,5680,0.15,0.523359780665487,110.05860805860806,0.0,64.0,64.0,0.0,4.595681900624186,50.157828611527016,1312080,600.0168916899711,47.202006271856185,12282
64,128,64,8,0.15,3925.649317527867,10198,0.15,21.98508604464587,363.62453531598516,689.3234200743494,3157.0,128.0,3029.0,11.804521550540812,90.67420974512859,2355738,600.0887520649703,55.916121950045444,7087
64,192,128,8,0.15,4240.182720861244,11021,0.15,14.268519401317462,452.6754716981132,3310.0792452830187,1972.0,192.0,1780.0,16.157555600977503,113.42688537210314,2545851,600.4106821799651,55.01562990567713,6364
64,256,192,8,0.15,4130.96879215552,10759,0.15,13.411189779872075,436.568093385214,6333.015564202335,1838.0,256.0,1582.0,20.052015276858583,111.94220535620184,2485329,601.6334484829567,54.99122095247713,6440
64,320,256,8,0.15,4100.7111983077475,10672,0.15,14.681756944512017,477.93650793650795,9426.17857142857,2026.0,320.0,1706.0,22.58317152946256,130.93256046919058,2465232,601.1718164930353,54.59298779845441,6138
64,384,320,8,0.15,3973.7061195193505,10346,0.15,15.457558509195223,452.43724696356276,12522.064777327936,2151.0,384.0,1767.0,27.011941636912525,118.7657513015201,2389926,601.4350151009858,54.93620972660575,6109
64,448,384,8,0.15,3918.665430821097,10206,0.15,15.774154701037332,466.0769230769231,14605.262443438914,2096.0,448.0,1648.0,29.056473304284737,135.4846599616781,2357586,601.6298256689915,54.49638893228603,5923
64,512,448,8,0.15,3818.14250426505,9943,0.15,15.555298072868027,445.4222222222222,14918.777777777777,2025.0,512.0,1513.0,29.424721551476978,158.92413972645,2296833,601.5576939400053,54.01027998011567,5679
128,128,0,8,0.15,3037.7383266412676,7898,0.15,1.02952652645763,416.90181818181816,1615.8072727272727,128.0,128.0,0.0,9.069894633023068,230.01548937144617,1824438,600.5909014609642,96.83544613764508,5069
128,192,64,8,0.15,3068.3959708245343,7986,0.15,5.531461694161408,433.8937728937729,4643.047619047619,737.0,192.0,545.0,9.731312079937197,256.47574294084086,1844766,601.2151031160029,97.11327598346759,4979
128,256,128,8,0.15,3092.3535457548815,8044,0.15,6.393225456704386,468.7857142857143,7639.793233082707,823.0,256.0,567.0,11.329737087478861,260.7783101079239,1858164,600.8898958370555,95.52430257056614,4825
128,320,192,8,0.15,2930.584359498261,7627,0.15,6.732999754138291,431.11406844106466,10700.593155893535,910.0,320.0,590.0,10.322382450918667,241.36512584256218,1761837,601.1896549880039,94.60380484577739,4858
128,384,256,8,0.15,2850.385585968828,7423,0.15,7.4206062983721495,437.9922480620155,14022.817829457364,929.0,384.0,545.0,10.729021382518113,283.6801213853449,1714713,601.5722954960074,96.91654818899848,4800
128,448,320,8,0.15,2820.647408760821,7346,0.15,11.179377050022595,431.1775700934579,14651.766355140187,1464.0,448.0,1016.0,10.805029433569871,260.8341036126553,1696926,601.6086926460266,96.02219198242464,4705
128,512,384,8,0.15,2781.392990705321,7243,0.15,13.665789057675283,429.60115606936415,14862.635838150289,1863.0,512.0,1351.0,10.399967645294964,272.44720114053575,1673133,601.5449832480226,97.09931658466839,4683
192,192,0,8,0.15,2170.5098790700017,5644,0.15,1.5490336425136775,282.40221402214024,5778.461254612546,192.0,192.0,0.0,6.558143351925537,195.53033100047222,1303764,600.6717649949715,112.0343269379773,5172
192,256,64,8,0.15,1978.3805715064307,5156,0.15,11.911495737469522,270.2022471910112,9071.475655430711,1547.0,256.0,1291.0,6.483937186683761,214.89960548055873,1191036,602.0257260680082,116.67892726360428,5020
192,320,128,8,0.15,1865.4708989202759,4856,0.15,16.133914691075915,262.64503816793894,12210.603053435114,2154.0,320.0,1834.0,5.91458588547539,207.77154736383548,1121736,601.3151964199787,117.21984061454089,4901
192,384,192,8,0.15,1804.1584909467902,4698,0.15,19.463830630731536,261.6551724137931,13822.060344827587,2543.0,384.0,2159.0,6.598712181265,211.14200105490798,1085238,601.520323987992,116.38028745128844,4778
192,448,256,8,0.15,1820.972237457271,4753,0.15,22.77233847838943,261.35353535353534,14754.772727272728,2976.0,448.0,2528.0,6.0680219019996,221.07330798298983,1097943,602.9432944750006,118.93614254780313,4692
192,512,320,8,0.15,1736.777882262534,4523,0.15,22.35740819852799,265.7716049382716,15186.703703703704,2840.0,512.0,2328.0,6.308290820335969,234.88207936849943,1044813,601.5812445969786,117.34762055850355,4604
256,256,0,8,0.15,1736.3533994772906,4518,0.15,2.2226336071034893,222.4188679245283,9321.501886792454,256.0,256.0,0.0,5.507365653989837,170.5268912310821,1043658,601.0631247729762,112.90694074721715,5251
256,320,64,8,0.15,1581.7722714283357,4118,0.15,9.566230477532372,206.42205323193917,12675.96577946768,1187.0,320.0,867.0,5.235575016122311,165.68515446499697,951258,601.3874545550207,117.0561809662359,5150
256,384,128,8,0.15,1467.7147941476042,3831,0.15,14.140101116383448,198.4655172413793,14378.702586206897,1784.0,384.0,1400.0,5.163337697042152,168.81813952182281,884961,602.9516112590209,119.16071735044919,4968
256,448,192,8,0.15,1404.7321255238649,3658,0.15,16.297725992742926,192.90104166666666,14833.151041666666,2094.0,448.0,1646.0,4.5630868752487,170.2902213745372,844998,601.5367518450366,120.76462159105779,4886
256,512,256,8,0.15,1375.5862134494066,3582,0.15,18.530851524788886,187.65030674846625,15308.490797546012,2456.0,512.0,1944.0,4.296484115184285,170.00860658595542,827442,601.5195499270922,121.62729415731982,4775
320,320,0,8,0.15,1495.7033090723971,3894,0.15,2.8453646526904777,183.1076923076923,12709.461538461539,320.0,320.0,0.0,5.027374589117244,157.60846531513906,899514,601.3986828429624,110.61653449965878,5398
320,384,64,8,0.15,1379.229864387731,3592,0.15,8.466793308383785,175.84070796460176,14242.305309734513,1013.0,384.0,629.0,4.935588900698349,158.0171713287391,829752,601.6053026580485,113.43027267788794,5159
320,448,128,8,0.15,1329.1984892575426,3462,0.15,12.023732259403914,171.7434554973822,14824.146596858638,1485.0,448.0,1037.0,4.7572342024650425,159.21371118387373,799722,601.6573194020893,112.61277497678705,5075
320,512,192,8,0.15,1301.0070685429735,3388,0.15,14.945785037823953,167.48170731707316,15494.817073170732,1860.0,512.0,1348.0,4.182504752301611,158.8229734739267,782628,601.5555325740715,112.90215134972524,4997
384,384,0,8,0.15,1269.498992997871,3306,0.15,3.297184234368615,152.5418502202643,14283.11013215859,384.0,384.0,0.0,4.6004192538093776,149.7014713099119,763686,601.5648726089858,102.86317014552904,5387
384,448,64,8,0.15,1221.3065320377846,3181,0.15,8.007396114757285,150.30851063829786,14741.06914893617,945.0,448.0,497.0,3.6553034104872495,153.50476469529676,734811,601.6597641330445,103.84632109919556,5205
384,512,128,8,0.15,1148.3467267772915,2991,0.15,10.614724895567633,147.67295597484278,15141.811320754718,1277.0,512.0,765.0,2.933273534406908,156.6425022237965,690921,601.6658417610452,103.47399240398948,5121
448,448,0,8,0.15,1066.4321920710668,2777,0.15,3.8765140739269555,128.74594594594595,14685.362162162162,448.0,448.0,0.0,4.101142382831313,148.69863801730875,641487,601.5262899689842,92.41374768358746,5342
448,512,64,8,0.15,1047.524428448367,2728,0.15,7.5927509950706735,126.05732484076434,15104.847133757961,896.0,512.0,384.0,3.6436354180332273,151.6434662140411,630168,601.578333531972,92.28294425817109,5178
8,8,0,8,0.2,368.82810349943156,958,0.2,0.060837681870907545,5.566308243727598,0.0,8.0,8.0,0.0,1.6180315901292488,15.202263258696346,221298,600.0030851779738,3.8570106897095555,40332
8,16,8,8,0.2,705.3152532354458,1832,0.2,8.959010270424187,12.259927797833935,1.7761732851985559,1312.0,16.0,1296.0,2.307857745094225,17.52074350540464,423192,600.0040379939601,7.438463003674333,34719
8,32,24,8,0.2,1413.694559470819,3672,0.2,10.805974844959565,26.8014440433213,44.79783393501805,1453.0,32.0,1421.0,3.981880491715856,19.007664842586816,848232,600.0107974649873,7.7933742500567265,31967
8,64,56,8,0.2,2811.499139929388,7303,0.2,8.087160929222591,68.6028880866426,371.7184115523466,1099.0,64.0,1035.0,8.080541814328171,24.120456750525356,1686993,600.0332619850524,7.75620333142101,25925
8,128,120,8,0.2,4538.918473395659,11794,0.2,6.076185681624338,156.13090909090909,2524.3309090909092,835.0,128.0,707.0,20.83487213565968,33.486817418343286,2724414,600.2341782450676,7.66843872496933,20404
8,192,184,8,0.2,4841.698353274823,12589,0.2,6.058754498924827,195.66914498141264,6284.0074349442375,791.0,192.0,599.0,36.07677700203203,39.67287044281971,2908059,600.6278763800001,7.65310071041306,18604
8,256,248,8,0.2,4738.842649350435,12331,0.2,5.989824656047858,199.34469696969697,10276.57196969697,824.0,256.0,568.0,47.8520213705342,41.85203119098609,2848461,601.0879049530049,7.6465142837854625,18153
8,320,312,8,0.2,4328.316612614827,11301,0.2,6.845504262018949,188.48616600790513,14533.06324110672,886.0,320.0,566.0,66.95926617016084,42.62084053207624,2610531,603.1284754889784,7.6382308689097576,17803
8,384,376,8,0.2,4707.805360125067,12261,0.2,7.144599369261414,204.96116504854368,15511.199029126214,949.0,384.0,565.0,73.16710434400011,51.53649397248782,2832291,601.6159937259508,7.603875073624341,16168
8,448,440,8,0.2,4514.180486174352,11758,0.2,8.353715553181246,191.82258064516128,17574.87634408602,1056.0,448.0,608.0,83.61863200250082,52.09689933468588,2716098,601.6813036870444,7.589965458212438,15622
8,512,504,8,0.2,4617.300844316762,12027,0.2,9.063764849328436,186.23684210526315,18231.32894736842,1109.0,512.0,597.0,89.8114333213307,54.23462296775293,2778237,601.701533791027,7.580008040802737,15314
16,16,0,8,0.2,705.308412309439,1832,0.2,0.12548629389493726,12.659420289855072,0.0,16.0,16.0,0.0,2.24247822817415,18.062487884697216,423192,600.0098575519805,8.446287403735848,34207
16,32,16,8,0.2,1429.096362334097,3712,0.2,20.942363608424785,34.41818181818182,11.6,3180.0,32.0,3148.0,3.4613715861050878,24.452500495515643,857472,600.0099241730059,15.41603512705849,24993
16,64,48,8,0.2,2864.2910992516654,7440,0.2,13.39689079823438,90.9890909090909,231.58545454545455,1898.0,64.0,1834.0,7.376799379126169,31.49759734960972,1718640,600.0228120839456,15.34445249170069,19601
16,128,112,8,0.2,4810.067610763287,12498,0.2,10.823485887260176,220.45018450184503,2101.963099630996,1330.0,128.0,1202.0,21.333555390010588,44.80157000921424,2887038,600.2073637259891,15.090103029864888,15012
16,192,176,8,0.2,5142.399376656449,13370,0.2,8.686852340702899,274.22014925373134,5631.798507462687,1165.0,192.0,973.0,29.501781722647138,52.84920537435996,3088470,600.5892918430036,15.021632910254576,13837
16,256,240,8,0.2,5099.526799677754,13270,0.2,8.795979089802131,292.0458015267176,9767.374045801527,1127.0,256.0,871.0,42.99622732505668,57.576009386843985,3065370,601.1087146740174,15.007921540154582,13283
16,320,304,8,0.2,4939.996013099982,12863,0.2,9.138333708950086,277.897233201581,13740.632411067194,1219.0,320.0,899.0,52.16950198508857,56.15294148414548,2971353,601.4889469790069,15.02183543194788,13217
16,384,368,8,0.2,4895.915300976758,12750,0.2,9.152817436377518,288.59722222222223,15943.148148148148,1215.0,384.0,831.0,58.75932034221478,74.50348282482143,2945250,601.5729069929803,14.960495808587824,12553
16,448,432,8,0.2,4922.774146900013,12821,0.2,10.401536417426541,292.0109289617486,17178.491803278688,1319.0,448.0,871.0,68.8403350658482,76.16873284121912,2961651,601.6223599989899,14.860346362921284,11672
16,512,496,8,0.2,5043.698601863637,13137,0.2,10.877036898164079,274.23333333333335,17422.006666666668,1459.0,512.0,947.0,70.30736114189494,78.82524378363122,3034647,601.6709640180925,14.801801660966513,11153
32,32,0,8,0.2,1426.0118290842224,3704,0.2,0.2767193311592564,38.81818181818182,0.0,32.0,32.0,0.0,3.942491172114387,27.709252513184,855624,600.0118530219188,20.955900154954985,22394
32,64,32,8,0.2,2895.8549079680674,7522,0.2,28.286547288764268,128.5183823529412,105.0220588235294,3566.0,64.0,3502.0,7.707822838914581,44.08830297897732,1737582,600.0238462289562,30.131526566972774,13895
32,192,160,8,0.2,4964.338893256291,12908,0.2,11.455923126428388,360.06463878326997,5633.874524714829,1633.0,192.0,1441.0,24.362608332070522,74.74407960445906,2981748,600.6334507199936,29.26242974827936,9793
32,256,224,8,0.2,4798.01296621084,12487,0.2,12.142991269007325,365.93798449612405,9672.201550387597,1675.0,256.0,1419.0,33.46090369729791,76.9122024157256,2884497,601.1857450810494,29.16542207350111,9517
32,320,288,8,0.2,4709.099302884545,12262,0.2,12.693279755534604,368.8685258964143,13696.593625498008,1783.0,320.0,1463.0,42.96883898507804,77.09428044270187,2832522,601.4997386580799,29.118686035178868,9308
32,384,352,8,0.2,4483.74868930564,11679,0.2,11.895524078863673,362.065,15197.095,1523.0,384.0,1139.0,45.23641350341495,127.00242568395214,2697849,601.6949626179412,28.883909165339027,8609
32,448,416,8,0.2,4596.006591303835,11969,0.2,13.104582568630576,348.76506024096386,16134.807228915663,1685.0,448.0,1237.0,48.5657708364306,131.3488662846198,2764839,601.5742025329964,28.63417147423758,8254
32,512,480,8,0.2,4562.128379083136,11882,0.2,12.806641579372808,339.07246376811594,16270.869565217392,1758.0,512.0,1246.0,43.503410375560634,136.61144303400422,2744742,601.6362916450016,28.44373461628754,7963
64,64,0,8,0.2,2918.218441402357,7580,0.2,0.5001307197380811,169.11111111111111,0.0,64.0,64.0,0.0,6.57532145397272,57.143699014601424,1750980,600.0167688470101,53.06034914242798,10895
64,128,64,8,0.2,4194.700860672212,10909,0.2,7.797577532590367,436.12406015037595,2306.8909774436092,1115.0,128.0,987.0,14.724799261661246,111.45692800069978,2519979,600.7529699260049,55.57147717235743,6540
64,192,128,8,0.2,4104.613779484195,10690,0.2,9.070693627698347,472.2307692307692,6206.542307692308,1249.0,192.0,1057.0,19.94201658887323,124.61542833642842,2469390,601.6132412609877,54.67444439045979,6124
64,256,192,8,0.2,4016.3950940194345,10453,0.2,8.744172187638469,445.09090909090907,10203.126482213438,1173.0,256.0,917.0,25.014873312204145,117.61283632430995,2414643,601.1965813810239,54.875873641681636,6145
64,320,256,8,0.2,3852.981268452246,10035,0.2,9.140914307092316,437.47008547008545,13524.5,1213.0,320.0,893.0,33.82584468112327,113.16800789094083,2318085,601.6341213439591,55.010832266591834,6045
64,384,320,8,0.2,3939.248675471795,10259,0.2,9.860346768167801,438.9109947643979,14652.104712041884,1317.0,384.0,933.0,30.18903707433492,147.39185733308264,2369829,601.594160520006,54.59951442329116,5787
64,448,384,8,0.2,3970.2205636064746,10341,0.2,10.21491530991625,493.37423312883436,16193.42944785276,1359.0,448.0,911.0,28.28079975908622,195.64553479759243,2388771,601.6721141129965,53.18726219517079,5432
64,512,448,8,0.2,3694.247774079412,9624,0.2,13.440971429576166,424.25,15869.411290322581,1764.0,512.0,1252.0,40.92844479740597,212.76950953778214,2223144,601.7852986468934,52.923162895247934,5192
128,128,0,8,0.2,3035.038856664778,7889,0.2,0.9746412675594911,423.4673913043478,3587.286231884058,128.0,128.0,0.0,10.451773850480095,249.43988717702968,1822359,600.4400885999203,96.5106093913364,5032
128,192,64,8,0.2,3142.829234753,8175,0.2,4.371902037062682,478.2988929889299,7494.424354243542,592.0,192.0,400.0,10.576746093691327,255.52344067090343,1888425,600.8678356170421,96.34243841627922,4852
128,256,128,8,0.2,3178.4245490730923,8273,0.2,7.375380129204132,481.17537313432837,11436.473880597016,1014.0,256.0,758.0,11.922739211237058,264.95206458406835,1911063,601.2610872129444,93.15874470590887,4816
128,320,192,8,0.2,2904.1350872001067,7564,0.2,8.89205834792665,447.79824561403507,13896.429824561403,1119.0,320.0,799.0,10.837528400101291,266.0380962335682,1747284,601.653830670999,92.61031605537872,4769
128,384,256,8,0.2,2849.346639611354,7421,0.2,10.756871715071611,439.0376344086022,14944.741935483871,1370.0,384.0,986.0,11.778541533392854,303.0668387343541,1714251,601.6295020650141,96.03993164522193,4724
128,448,320,8,0.2,2920.772854710533,7607,0.2,12.4266656631371,442.42857142857144,15435.987012987012,1688.0,448.0,1240.0,11.445913707488216,282.9257431997376,1757217,601.6274073370732,94.23355957094722,4710
128,512,384,8,0.2,2716.4678899552778,7096,0.2,18.706742947222665,410.88524590163934,16218.672131147541,2319.0,512.0,1807.0,12.37288788112346,262.0381765137558,1639176,603.4218206889927,95.11076570615482,4556
192,192,0,8,0.2,2155.108636313391,5607,0.2,1.5949716003378853,280.4925925925926,8812.255555555555,192.0,192.0,0.0,6.5390166697325185,197.8432688425421,1295217,600.9984731979202,111.91771646590895,5148
192,256,64,8,0.2,1958.3361072624466,5099,0.2,11.682401706231758,266.46590909090907,13031.333333333334,1492.0,256.0,1236.0,6.580447423621081,212.4999891596237,1177869,601.4641693179728,117.02834879610855,5009
192,320,128,8,0.2,1876.346943035562,4898,0.2,14.00490493979305,266.8703703703704,14293.527777777777,1790.0,320.0,1470.0,6.808879220043309,216.20363843665893,1131438,603.0004228160251,118.10246715778166,4908
192,384,192,8,0.2,1840.374258847663,4793,0.2,21.652424312313087,274.70786516853934,15141.123595505618,2817.0,384.0,2433.0,6.3576000310713425,215.66363935968906,1107183,601.607523403014,116.44166662663174,4754
192,448,256,8,0.2,1854.7558183751726,4830,0.2,17.986899720621295,264.32374100719426,15138.661870503596,2231.0,448.0,1783.0,5.966251551755704,233.94818187911724,1115730,601.5508828420425,118.10832923447276,4680
192,512,320,8,0.2,1788.263545056886,4657,0.2,22.01276444317773,273.99159663865544,15726.83193277311,2888.0,512.0,2376.0,5.803192360443063,221.90285467706542,1075767,601.5707265149103,116.45153730015217,4627
256,256,0,8,0.2,1740.6123916031827,4532,0.2,2.1547648364212364,221.4296577946768,13229.098859315589,256.0,256.0,0.0,5.615118928486481,166.75521857695398,1046892,601.4503889839398,113.96852213003264,5262
256,320,64,8,0.2,1592.9446565097035,4148,0.2,9.068651184730697,205.40096618357487,14096.642512077295,1194.0,320.0,874.0,4.818971144821262,165.36901670834663,958188,601.5199561920017,117.33514003036574,5172
256,384,128,8,0.2,1513.7316661085547,3942,0.2,13.492368459119461,199.45731707317074,14451.774390243903,1830.0,384.0,1446.0,4.971541692269966,168.1422096123727,910602,601.561043075053,119.5708111196859,4995
256,448,192,8,0.2,1407.3026181057694,3665,0.2,16.207617973792367,191.47101449275362,15118.268115942028,2103.0,448.0,1655.0,4.447807166608982,169.81871616708915,846615,601.5870283390395,120.72343255394034,4878
256,512,256,8,0.2,1370.8027393619616,3570,0.2,19.185286066494882,188.23478260869564,15723.321739130435,2519.0,512.0,2007.0,3.812972906162031,169.7711371395514,824670,601.5964050260372,121.77390475869136,4749
320,320,0,8,0.2,1506.2973518142157,3923,0.2,2.827712226076983,184.9219512195122,14109.595121951219,320.0,320.0,0.0,4.993827895494178,158.00948094027024,906213,601.6162737779086,109.7747101511204,5419
320,384,64,8,0.2,1419.7592570922316,3697,0.2,8.634896688861772,175.36363636363637,14519.824242424242,1045.0,384.0,661.0,4.86987093964126,157.5908468395929,854007,601.5153595469892,111.9553482000126,5219
384,384,0,8,0.2,1306.112453001093,3401,0.2,3.095413307659328,151.24074074074073,14286.0,384.0,384.0,0.0,3.6077953441999853,147.48650417957057,785631,601.5033377829241,102.22440785868233,5443
384,448,64,8,0.2,1221.58015988605,3181,0.2,7.811514831293607,149.31617647058823,15219.426470588236,946.0,448.0,498.0,3.4307279050699435,151.33236564835437,734811,601.5249953540042,102.64372758352104,5251
384,512,128,8,0.2,1156.217005204522,3011,0.2,10.827058787079295,147.635593220339,15948.838983050848,1333.0,512.0,821.0,3.8331546520639677,155.8963375017179,695541,601.5661392879847,103.24085866763171,5125
448,448,0,8,0.2,1064.252307428937,2772,0.2,3.834463185397908,129.37037037037038,15166.466666666667,448.0,448.0,0.0,3.1072111995890737,149.76456361102046,640332,601.6731141010532,92.3629248091935,5310
448,512,64,8,0.2,1048.5757734475492,2738,0.2,7.49776875693351,127.49122807017544,15943.263157894737,887.0,512.0,375.0,3.2823257360141724,149.82874271892572,632478,603.1781546130078,92.11476827911082,5247
